,"St. John's, Newfoundland and Labrador","Charlottetown, Prince Edward Island","Halifax, Nova Scotia","Saint John, New Brunswick","Québec, Quebec","Montréal, Quebec","Ottawa, Ontario","Toronto, Ontario","Thunder Bay, Ontario","Winnipeg, Manitoba","Regina, Saskatchewan","Saskatoon, Saskatchewan","Edmonton, Alberta","Calgary, Alberta","Vancouver, British Columbia","Victoria, British Columbia","Whitehorse, Yukon","Yellowknife, Northwest Territories"
1990-01-01,109.61,103.72,111.7,106.57,110.75,112.08,106.38,92.13,107.14,98.4,96.88,104.86,91.75,90.99,109.42,104.48,108.28,111.89
1990-02-01,109.84,103.42,110.97,105.88,111.16,111.35,106.07,95.88,106.63,97.76,96.25,104.18,91.35,92.29,110.78,107.01,108.33,111.73
1990-03-01,109.98,103.4,110.54,105.47,111.86,112.24,105.84,99.83,106.22,99.26,103.21,103.78,91.93,93.44,110.36,106.6,108.29,112.05
1990-04-01,111.48,106.03,110.54,105.47,113.36,113.74,106.22,97.2,109.98,97.57,103.21,103.78,96.07,97.57,112.61,108.85,109.04,112.8
1990-05-01,111.85,106.24,109.98,104.93,112.97,113.53,105.67,100.81,109.23,99.5,102.68,103.24,98.94,97.07,112.03,109.42,108.29,112.97
1990-06-01,111.23,106.95,109.55,104.52,114.59,114.59,106.01,102.85,107.88,98.93,102.29,102.85,98.56,99.49,111.6,109.0,107.88,112.54
1990-07-01,110.44,108.58,109.14,104.12,113.78,114.52,106.54,103.75,107.09,92.62,103.75,104.12,98.0,98.37,111.92,109.14,107.47,114.33
1990-08-01,110.48,108.63,109.0,103.99,113.82,114.37,106.22,103.62,106.96,99.91,101.4,104.18,98.06,98.99,111.96,109.55,107.33,114.37
1990-09-01,113.53,108.35,108.72,103.73,115.75,116.3,108.54,104.47,109.09,102.43,100.03,106.69,100.58,101.51,113.34,113.34,109.27,116.67
1990-10-01,120.78,107.58,107.76,102.81,122.24,123.16,114.91,110.15,115.09,113.44,107.58,116.74,111.25,112.53,118.94,116.38,118.03,128.66
1990-11-01,122.57,106.91,107.09,102.17,123.48,125.3,120.02,117.11,121.3,115.47,97.25,115.65,113.28,114.37,127.31,122.93,120.75,132.59
1990-12-01,128.92,119.08,107.22,102.3,128.74,129.11,120.17,113.24,120.72,118.16,105.58,122.36,106.13,110.51,120.17,123.09,121.99,135.49
1991-01-01,130.6,128.82,104.48,99.68,128.46,128.46,117.8,100.04,116.92,114.43,98.26,120.29,112.65,112.83,119.76,123.13,125.09,136.11
1991-02-01,122.78,127.4,104.48,99.68,119.76,119.4,111.05,91.86,111.05,101.1,81.91,101.81,76.94,79.78,109.81,117.09,121.18,134.33
1991-03-01,114.72,120.38,104.1,99.32,112.24,111.71,103.74,92.94,105.16,90.29,79.31,91.7,81.97,80.55,97.37,104.98,112.95,128.88
1991-04-01,109.58,113.3,104.1,99.32,109.23,109.41,98.43,88.87,100.56,85.51,79.49,87.1,77.36,75.77,96.66,99.85,108.52,116.31
1991-05-01,108.88,107.12,103.59,98.84,109.41,109.05,100.77,95.84,100.77,88.62,85.45,92.32,90.03,86.86,102.01,99.36,106.59,113.28
1991-06-01,108.35,105.9,103.09,98.36,110.81,110.46,103.09,100.64,101.69,84.51,69.26,76.97,83.98,85.56,95.91,98.89,105.72,112.39
1991-07-01,108.22,104.37,102.97,98.24,110.68,110.33,104.9,99.64,101.57,94.39,92.11,94.21,91.59,92.64,97.72,95.44,105.6,108.92
1991-08-01,108.27,104.07,102.85,98.12,111.07,111.07,104.6,96.03,100.4,95.5,87.8,93.23,94.1,94.63,102.5,96.38,105.12,108.97
1991-09-01,108.35,105.55,103.09,98.36,115.72,116.24,104.15,97.48,102.04,94.33,77.85,88.02,89.59,96.26,103.8,99.59,105.37,107.83
1991-10-01,108.49,107.26,103.22,98.48,115.86,116.38,103.39,90.23,102.17,82.15,83.21,84.44,88.3,89.35,102.17,99.71,105.5,108.31
1991-11-01,108.09,106.87,102.85,98.12,110.72,109.84,99.35,93.05,100.57,94.63,84.83,94.28,83.26,85.18,102.67,99.35,105.12,109.67
1991-12-01,108.62,107.56,103.34,98.6,103.52,106.33,99.83,90.16,99.48,91.04,82.08,90.16,82.08,87.17,90.86,97.19,105.45,111.25
1992-01-01,108.35,107.83,103.09,98.36,112.74,110.81,101.52,91.0,102.39,87.49,88.19,91.0,85.74,80.83,98.54,95.56,105.02,112.04
1992-02-01,108.22,107.7,102.97,98.24,108.57,103.67,100.52,85.81,100.87,80.38,80.91,83.88,73.2,77.05,90.54,93.69,104.9,111.9
1992-03-01,107.01,106.66,102.48,97.77,98.47,98.99,98.64,84.7,97.77,73.9,78.6,80.0,81.39,82.26,87.84,88.36,105.09,111.37
1992-04-01,106.01,104.62,102.36,97.66,104.62,104.79,99.05,84.95,97.48,81.47,74.16,79.9,76.24,74.5,90.87,87.56,104.27,111.23
1992-05-01,105.76,104.72,101.94,97.42,106.8,104.02,98.81,89.43,97.25,75.72,90.3,89.78,80.06,80.4,90.82,90.65,104.02,110.97
1992-06-01,105.51,104.12,101.87,97.19,108.63,106.37,101.7,91.99,98.75,86.45,83.16,91.65,86.28,82.98,91.3,86.62,101.7,110.7
1992-07-01,105.68,104.12,101.87,97.19,108.97,106.72,100.83,98.06,100.31,92.51,83.5,91.3,87.49,89.91,98.58,94.94,101.7,112.09
1992-08-01,105.55,105.38,100.71,97.08,107.46,105.04,100.19,93.96,100.19,93.27,85.31,89.81,85.14,82.19,95.17,92.92,100.19,111.96
1992-09-01,105.43,105.08,100.24,96.96,105.78,104.74,99.73,91.78,99.03,91.08,86.42,92.47,83.83,78.99,92.81,83.83,98.69,111.82
1992-10-01,103.41,105.13,99.78,96.85,103.23,101.68,98.05,93.39,97.88,84.07,90.8,93.05,80.62,79.24,92.88,88.9,97.19,111.86
1992-11-01,102.42,105.01,98.8,96.73,102.77,102.59,97.25,95.7,100.01,91.9,92.77,92.94,85.18,82.76,94.66,91.21,97.08,111.73
1992-12-01,101.84,104.76,96.33,95.13,103.9,104.42,96.33,90.31,99.6,92.72,94.61,97.88,84.98,78.96,95.99,91.34,97.19,112.16
1993-01-01,97.99,101.08,89.58,93.7,102.11,100.91,95.59,91.13,99.36,92.5,97.48,97.65,84.78,85.64,95.42,92.5,97.99,111.89
1993-02-01,97.65,100.72,87.04,93.2,99.01,98.5,94.06,90.12,98.33,92.17,90.29,96.96,76.44,80.89,93.88,90.29,97.65,111.5
1993-03-01,96.45,100.72,84.14,93.2,99.87,99.36,93.37,87.04,96.45,88.75,83.79,93.88,80.55,76.95,91.49,87.56,97.65,111.5
1993-04-01,96.34,96.34,84.72,92.92,99.58,98.22,93.09,87.62,95.14,89.5,87.97,97.19,78.4,78.74,92.75,85.92,97.53,111.37
1993-05-01,97.93,95.37,87.52,93.32,100.83,100.15,92.3,88.72,96.39,90.42,91.96,97.08,74.04,81.72,91.62,86.33,97.42,111.24
1993-06-01,99.64,94.86,88.38,93.49,104.07,104.75,95.37,91.11,99.81,90.25,91.62,97.08,82.4,81.72,92.98,88.2,97.42,111.24
1993-07-01,101.39,95.77,91.34,94.92,104.8,101.9,93.9,85.2,97.99,90.15,91.51,96.79,77.88,81.63,94.24,82.14,100.2,111.11
1993-08-01,98.61,95.55,88.07,94.36,102.86,94.53,90.79,85.35,96.74,89.77,91.64,95.72,78.38,81.44,94.19,85.69,100.65,110.85
1993-09-01,98.15,95.44,87.11,93.91,100.87,97.13,94.93,88.3,95.27,86.44,91.53,87.11,76.93,81.34,95.77,89.66,100.53,110.72
1993-10-01,95.72,95.04,87.42,92.33,98.6,93.86,90.81,86.74,94.03,86.06,91.49,93.01,78.95,79.97,95.55,85.39,100.3,110.46
1993-11-01,92.56,94.93,80.55,92.23,98.49,95.27,89.01,83.93,93.58,84.44,92.9,92.9,71.07,79.03,91.21,85.46,100.18,110.33
1993-12-01,91.55,94.76,80.21,91.21,95.61,89.52,85.46,80.04,92.4,84.44,92.9,92.9,74.12,77.84,89.86,83.26,97.98,110.33
1994-01-01,90.13,89.45,82.17,85.22,91.49,86.74,83.35,78.27,91.32,82.85,91.32,85.9,71.49,73.36,85.9,82.51,93.69,109.61
1994-02-01,91.38,89.85,79.08,85.92,92.75,90.87,85.23,83.53,94.12,83.53,90.36,89.5,70.71,72.94,88.65,79.43,97.19,110.51
1994-03-01,95.48,89.85,83.01,85.92,94.12,93.43,87.11,83.01,92.24,83.53,90.36,90.36,68.15,69.18,90.36,81.13,97.19,110.51
1994-04-01,96.85,90.53,82.67,86.43,95.65,93.94,88.48,84.38,92.07,84.21,91.04,90.87,78.74,78.4,89.33,87.62,97.19,110.51
1994-05-01,101.75,92.17,91.83,93.88,97.65,90.29,89.1,86.36,94.23,85.68,92.17,92.17,78.49,80.55,95.59,90.46,93.88,110.64
1994-06-01,101.8,92.07,91.55,93.77,101.12,98.73,91.55,88.14,98.22,88.65,97.19,97.19,81.48,82.84,97.19,87.62,97.19,110.51
1994-07-01,101.45,93.62,92.59,93.45,101.45,96.0,93.96,89.87,97.87,93.45,96.85,96.85,81.87,84.59,97.53,93.11,96.85,113.19
1994-08-01,101.21,95.27,94.25,93.23,103.08,101.38,95.44,88.98,101.04,93.74,99.17,99.68,83.55,87.45,100.02,89.49,99.34,112.93
1994-09-01,101.43,96.51,94.14,94.82,97.87,97.36,91.25,84.64,100.92,95.66,101.6,100.24,84.98,89.73,98.21,87.86,103.3,112.79
1994-10-01,104.94,98.32,88.98,94.93,90.85,89.66,87.79,82.87,99.17,93.23,96.79,95.27,76.42,84.74,98.32,94.93,103.42,113.61
1994-11-01,104.58,97.81,91.38,94.6,97.47,96.96,91.38,86.47,94.26,92.73,96.29,97.98,71.92,83.43,97.81,94.43,103.06,113.21
1994-12-01,104.22,97.13,88.53,92.24,94.27,90.39,87.69,80.78,91.74,89.21,92.58,93.25,77.91,80.94,95.78,89.04,102.7,112.65
1995-01-01,101.79,96.91,86.48,90.68,93.88,92.53,87.99,82.1,87.15,89.0,92.37,92.03,75.71,79.92,94.72,83.45,100.44,112.39
1995-02-01,100.65,96.46,84.91,90.27,95.46,92.28,88.93,84.41,87.75,88.42,93.62,87.92,76.53,81.22,91.61,84.91,100.99,111.87
1995-03-01,102.76,99.08,92.07,93.23,96.91,90.39,89.89,83.38,92.9,90.73,95.57,96.08,80.03,83.88,97.08,85.38,104.1,113.62
1995-04-01,102.52,98.69,89.52,92.85,100.36,97.36,93.02,87.19,96.02,90.69,96.69,97.52,84.85,86.35,98.52,92.35,103.52,113.36
1995-05-01,109.48,99.02,96.36,98.02,102.84,101.18,96.36,93.53,101.01,97.19,101.67,103.83,87.05,91.04,99.51,93.87,103.17,115.8
1995-06-01,109.48,99.85,95.2,98.02,102.34,97.19,94.36,94.7,104.17,94.7,101.34,100.01,81.9,89.21,99.51,92.7,107.82,119.28
1995-07-01,109.36,100.4,94.92,97.91,95.42,95.58,90.44,90.11,98.41,94.26,97.74,101.39,82.47,84.8,99.4,93.93,107.7,119.81
1995-08-01,107.49,100.35,91.21,95.69,90.88,94.03,89.88,85.23,96.03,91.21,97.85,99.51,76.26,81.24,99.51,93.87,107.82,119.28
1995-09-01,104.38,99.9,84.96,91.1,95.58,96.41,91.27,88.61,93.43,89.61,94.42,96.08,77.83,80.65,97.74,93.76,107.7,119.15
1995-10-01,103.88,99.73,88.95,90.27,94.59,89.28,88.78,86.62,96.25,89.44,94.42,93.43,76.67,82.81,96.91,93.76,107.7,119.15
1995-11-01,100.95,98.13,89.18,89.34,94.15,90.34,78.57,83.21,92.33,88.35,89.34,92.66,76.41,80.72,96.64,93.65,107.58,119.01
1995-12-01,100.95,95.81,90.34,91.33,99.12,98.46,85.53,86.36,85.7,87.69,92.66,94.15,74.26,76.41,95.81,93.65,107.58,119.01
1996-01-01,100.83,95.53,90.23,88.58,95.7,99.51,85.1,87.75,93.71,87.59,90.07,93.88,71.86,77.32,89.74,91.06,108.12,118.88
1996-02-01,98.9,95.42,88.15,83.85,96.25,97.41,86.0,85.67,91.46,87.49,92.45,94.1,72.6,78.22,92.28,90.79,104.35,118.74
1996-03-01,97.3,96.15,77.71,85.44,94.17,97.96,86.93,90.88,94.01,92.03,95.32,97.96,82.97,82.81,93.18,89.89,101.91,118.21
1996-04-01,101.51,97.24,85.58,90.18,101.84,97.74,93.96,95.27,102.99,93.46,96.75,101.35,83.61,88.21,98.72,96.42,106.61,117.94
1996-05-01,104.73,97.52,99.81,92.44,112.1,110.63,97.19,97.68,106.53,97.84,99.15,103.09,86.53,89.81,105.87,101.45,111.28,121.44
1996-06-01,104.4,98.01,93.42,91.12,107.51,104.73,90.8,92.76,104.89,94.73,96.53,101.45,80.96,87.85,106.2,100.96,111.28,121.44
1996-07-01,92.44,96.37,85.22,86.37,91.29,94.4,89.32,91.45,102.6,93.75,96.53,100.3,82.44,86.7,98.66,98.17,111.28,120.79
1996-08-01,94.79,96.1,82.67,92.49,96.75,95.61,88.73,91.02,100.19,92.99,96.42,98.06,81.53,85.95,98.22,91.68,111.16,120.65
1996-09-01,102.86,95.99,89.12,90.59,95.17,93.86,91.25,92.23,98.61,94.68,101.22,102.37,85.52,87.16,100.24,97.3,111.03,120.52
1996-10-01,102.51,95.67,94.2,93.71,100.72,100.39,90.13,92.41,100.72,94.36,100.88,102.51,81.81,84.26,97.79,96.97,113.92,120.76
1996-11-01,102.17,99.73,95.83,95.35,101.03,97.3,91.61,93.56,103.63,91.94,98.27,100.54,80.57,82.84,93.4,94.05,113.54,120.2
1996-12-01,104.7,99.19,94.65,93.84,99.67,101.29,91.41,92.7,103.4,97.08,101.29,100.32,84.28,84.92,90.6,88.98,112.8,119.93
1997-01-01,104.58,101.5,93.73,94.7,102.48,102.15,92.6,91.79,103.12,94.06,95.68,100.53,82.89,85.48,93.9,91.31,107.49,119.8
1997-02-01,104.46,101.39,93.63,95.09,104.46,103.82,91.85,92.98,103.01,95.41,97.03,101.07,87.32,88.94,97.35,96.86,106.89,119.5
1997-03-01,104.35,101.93,93.53,94.82,101.28,99.18,91.59,90.94,102.89,94.66,99.83,99.99,86.1,87.55,96.92,96.27,108.39,119.37
1997-04-01,112.26,102.57,99.34,101.44,97.08,97.4,87.06,89.81,102.25,90.62,98.37,99.02,83.83,85.45,94.82,95.14,110.32,119.37
1997-05-01,111.46,99.99,97.89,98.37,98.05,97.73,87.55,90.78,99.83,93.53,95.14,96.59,84.48,85.61,99.02,95.14,110.32,119.69
1997-06-01,111.33,97.29,96.65,94.87,95.84,99.23,85.68,89.71,104.39,95.52,103.1,99.88,86.97,88.26,94.23,93.91,110.2,119.56
1997-07-01,111.05,95.09,95.58,94.61,93.32,96.22,86.71,87.52,95.9,91.55,99.77,98.15,85.1,86.87,86.87,91.06,110.08,119.43
1997-08-01,110.8,94.88,99.55,94.4,100.99,102.92,95.69,95.53,103.41,90.38,96.33,97.94,84.27,86.68,97.13,95.04,109.84,119.17
1997-09-01,110.8,94.08,104.37,105.66,102.44,106.94,96.01,91.83,104.85,94.72,96.33,97.94,83.46,86.36,98.9,100.51,109.84,119.17
1997-10-01,109.84,94.08,100.03,98.42,99.38,101.96,90.7,91.67,100.03,93.27,94.72,94.72,83.46,85.07,97.78,100.51,109.84,118.2
1997-11-01,109.32,95.47,99.33,96.11,95.79,94.83,88.55,88.71,96.44,90.0,93.22,93.22,80.34,81.95,93.05,95.15,109.96,118.33
1997-12-01,109.19,95.2,99.22,95.85,95.36,96.17,89.9,85.07,95.53,86.36,91.5,93.11,80.25,80.25,88.45,91.02,109.84,118.36
1998-01-01,108.12,96.44,96.44,95.32,91.48,96.6,89.56,82.21,91.64,85.88,90.2,92.12,77.57,78.05,86.04,85.08,109.24,117.71
1998-02-01,107.0,95.64,95.48,93.4,92.44,93.72,84.29,83.81,89.24,81.41,88.92,90.52,75.01,76.61,83.65,83.65,108.6,115.79
1998-03-01,103.48,90.84,91.96,89.72,87.0,86.2,80.93,80.45,84.93,84.29,87.48,89.4,73.41,76.29,81.25,77.25,108.6,115.15
1998-04-01,102.31,89.98,90.78,83.9,86.78,90.78,82.3,81.5,87.42,83.1,86.3,91.1,77.81,79.89,83.1,84.06,106.79,115.12
1998-05-01,102.2,83.65,90.68,87.8,89.4,92.44,85.72,83.49,84.45,86.2,91.0,91.0,78.21,78.69,87.32,87.64,104.12,114.99
1998-06-01,102.09,83.55,90.58,87.23,88.35,90.9,82.44,84.51,91.06,86.11,90.9,90.9,77.96,81.32,84.99,84.35,106.88,114.87
1998-07-01,102.09,83.87,90.58,86.75,85.63,90.9,82.12,81.8,85.47,86.11,90.9,90.9,75.89,78.12,84.67,83.55,107.52,114.87
1998-08-01,101.97,83.14,90.48,84.1,85.54,87.13,80.91,82.03,83.94,86.02,86.33,90.8,75.16,78.04,76.92,84.9,106.76,114.74
1998-09-01,102.2,80.13,90.68,84.77,88.92,87.48,76.45,82.69,86.2,86.2,85.24,91.0,74.69,78.21,71.65,85.72,106.68,114.99
1998-10-01,101.64,79.05,90.19,90.51,90.03,89.55,81.28,84.94,84.46,85.73,89.87,90.19,73.01,76.51,79.53,85.26,105.78,114.36
1998-11-01,101.64,80.8,90.19,90.19,89.07,88.44,81.28,83.03,87.17,85.73,90.51,88.92,72.69,77.78,75.24,85.57,105.78,114.36
1998-12-01,98.62,80.8,85.89,86.85,82.39,83.98,76.51,78.26,79.53,84.46,88.6,88.76,69.51,76.83,74.6,83.03,104.5,114.36
1999-01-01,94.59,78.88,83.96,78.72,86.02,88.56,77.45,79.67,80.47,83.64,87.61,86.82,68.09,74.75,72.37,79.2,104.12,111.42
1999-02-01,93.48,78.72,82.37,80.79,85.23,82.85,74.6,77.14,78.09,81.74,86.34,83.96,68.09,72.85,71.42,79.2,96.66,110.94
1999-03-01,93.28,76.02,82.19,79.5,89.8,91.85,81.09,82.99,81.56,79.18,85.36,83.78,70.0,73.17,73.96,80.61,96.13,110.7
1999-04-01,98.45,75.45,90.26,91.04,95.61,96.4,86.0,87.42,84.11,86.47,91.2,91.2,77.02,77.34,87.26,92.62,100.34,110.1
1999-05-01,103.69,76.94,94.25,92.68,94.41,97.24,81.35,87.95,89.37,88.9,93.62,93.62,81.66,81.66,86.54,94.09,103.69,109.98
1999-06-01,100.54,77.73,94.25,93.3,90.0,95.35,83.55,83.86,86.85,88.9,93.62,91.1,80.25,81.19,88.11,94.41,106.21,116.28
1999-07-01,101.58,82.58,93.42,94.67,96.71,100.17,86.2,88.86,93.57,89.18,94.67,94.67,80.86,82.9,92.48,98.44,106.29,116.03
1999-08-01,107.71,83.95,102.71,100.52,107.09,105.21,97.55,97.55,95.52,94.74,100.52,99.58,86.45,88.8,88.17,98.02,109.12,115.53
1999-09-01,109.24,87.73,104.87,101.29,99.26,107.68,96.77,99.11,101.6,97.39,102.69,101.13,89.45,91.32,96.77,101.13,109.39,121.39
1999-10-01,113.48,88.26,104.14,99.94,107.25,108.5,96.2,98.38,99.16,97.13,102.43,101.02,89.66,91.06,91.22,101.02,111.92,121.26
1999-11-01,111.8,95.16,104.03,97.5,104.03,105.43,95.94,98.12,97.96,93.92,98.58,98.74,86.46,86.77,88.48,98.74,111.65,121.13
1999-12-01,117.65,94.86,107.42,103.23,101.37,107.26,99.98,100.6,104.16,96.87,102.15,100.6,88.97,89.12,84.79,97.65,111.29,120.75
2000-01-01,116.1,98.11,107.88,98.89,99.2,106.64,97.19,98.42,100.9,95.95,101.06,99.98,88.2,88.35,93.31,100.13,114.39,120.75
2000-02-01,118.2,97.8,109.39,105.99,107.23,114.03,99.97,103.67,103.21,98.58,102.44,103.37,89.15,89.92,87.61,100.27,114.64,121.91
2000-03-01,127.1,100.51,117.88,113.12,113.73,120.8,110.66,112.35,113.89,105.74,109.74,110.2,98.52,98.52,102.82,109.58,116.04,128.95
2000-04-01,123.01,101.25,112.52,109.74,104.34,110.66,98.93,103.26,107.11,101.25,109.74,108.5,96.46,95.08,100.63,108.97,121.78,132.58
2000-05-01,123.39,104.93,114.01,110.31,106.01,115.39,105.7,108.93,110.78,98.16,106.77,106.16,94.77,94.77,102.93,107.7,120.93,132.16
2000-06-01,130.26,106.41,120.32,117.11,115.43,124.91,108.4,115.89,118.03,103.04,107.63,108.85,97.08,97.69,106.1,110.23,123.68,133.16
2000-07-01,133.96,106.07,120.1,115.07,112.48,121.01,105.01,109.73,115.07,102.42,111.71,112.17,99.98,101.81,113.69,116.59,127.11,134.57
2000-08-01,127.24,113.51,113.97,106.95,108.32,118.7,103.13,105.58,108.02,97.34,110.76,110.3,95.35,99.47,110.61,116.87,128.0,131.66
2000-09-01,131.11,110.76,118.96,113.95,114.55,123.37,111.82,113.04,117.9,108.17,114.55,114.86,103.16,103.31,113.79,120.48,128.99,132.94
2000-10-01,129.36,113.17,121.04,114.68,111.51,123.31,106.82,110.45,112.26,103.79,114.68,115.14,104.09,103.34,115.29,121.34,132.23,132.99
2000-11-01,133.36,117.25,122.97,121.02,115.3,121.32,110.78,111.53,112.44,106.26,113.04,113.04,99.19,101.9,111.38,120.11,131.7,132.3
2000-12-01,127.53,115.06,114.76,116.41,110.25,113.86,105.14,105.14,111.0,101.09,111.15,111.15,98.08,99.44,107.7,114.91,131.43,132.03
2001-01-01,122.07,119.36,113.19,107.92,115.6,116.05,106.11,105.96,106.26,94.67,108.97,108.97,94.22,97.53,104.46,111.98,127.79,132.0
2001-02-01,121.64,105.7,113.22,107.36,115.78,116.38,101.94,104.65,109.01,101.79,111.72,111.57,98.19,99.39,106.16,111.12,124.35,131.57
2001-03-01,121.39,105.34,112.39,104.74,117.64,114.19,99.03,100.98,106.69,96.93,104.44,105.94,92.88,94.08,99.78,109.54,122.59,131.3
2001-04-01,123.8,108.46,116.5,112.03,122.01,121.12,106.22,112.33,113.97,94.45,102.2,102.94,91.32,93.26,105.18,108.9,119.48,130.36
2001-05-01,130.89,110.9,121.56,119.05,125.41,125.12,110.9,116.68,120.38,106.46,114.01,115.05,101.87,104.83,108.68,113.27,121.27,131.19
2001-06-01,126.01,113.12,114.31,112.24,116.53,111.79,101.87,102.46,121.12,111.94,120.08,121.27,102.61,111.64,113.87,122.01,129.41,138.3
2001-07-01,115.25,113.17,106.79,102.03,102.63,102.48,93.42,95.65,107.53,97.13,106.79,106.64,90.6,95.35,99.51,109.02,129.07,132.78
2001-08-01,114.1,108.31,106.53,102.52,106.68,109.05,99.26,96.14,109.2,98.37,107.57,107.42,91.69,94.81,99.71,106.68,118.4,132.64
2001-09-01,118.01,102.76,110.46,103.2,111.2,111.64,102.91,105.43,121.86,109.28,124.23,122.01,103.35,112.98,109.28,121.27,124.97,138.3
2001-10-01,113.47,105.15,100.99,98.62,107.38,103.07,91.04,95.35,101.44,96.39,106.79,105.45,84.21,95.35,105.9,114.51,121.79,132.18
2001-11-01,106.21,101.12,93.94,90.8,94.99,92.6,85.27,89.9,92.45,81.08,96.34,96.19,76.29,78.68,93.19,101.27,111.74,125.06
2001-12-01,101.71,92.61,92.31,91.42,86.5,95.29,82.17,86.35,86.94,74.12,88.43,87.84,69.35,75.31,86.79,92.31,109.76,122.29
2002-01-01,102.03,88.22,91.79,94.01,90.3,94.16,83.17,87.03,94.61,77.53,94.46,94.46,70.4,79.9,85.85,94.16,106.19,121.79
2002-02-01,103.8,87.95,95.06,93.73,94.02,97.13,85.88,89.14,89.43,80.4,91.65,91.65,76.7,81.44,84.84,94.62,103.65,121.42
2002-03-01,104.85,88.48,98.95,101.16,105.0,103.52,92.61,96.59,99.84,90.84,101.9,100.57,86.86,90.25,96.89,102.34,107.95,122.55
2002-04-01,111.29,95.47,110.26,107.77,110.12,106.9,96.5,101.18,105.28,98.11,108.21,109.68,95.77,97.96,104.26,110.56,115.39,130.91
2002-05-01,115.8,103.63,108.76,107.15,110.52,101.14,94.25,98.06,105.39,94.54,105.68,108.18,93.66,96.6,107.15,110.67,120.63,130.6
2002-06-01,113.08,100.35,107.96,106.2,107.23,99.77,94.35,97.28,107.96,95.96,109.13,108.98,96.69,94.79,107.23,111.32,124.05,130.63
2002-07-01,112.14,98.34,108.8,106.48,105.75,106.77,96.75,100.23,106.33,99.07,109.53,109.09,98.49,97.62,107.06,113.16,123.18,129.87
2002-08-01,114.74,102.44,112.71,109.24,109.09,108.95,99.4,101.72,108.08,99.4,111.84,112.42,99.54,103.02,107.07,112.71,122.69,131.09
2002-09-01,116.5,104.79,112.6,109.71,110.29,106.67,101.18,102.19,107.25,97.57,112.31,114.04,98.87,101.47,108.84,112.31,122.57,132.55
2002-10-01,117.08,106.29,113.48,111.04,110.89,111.47,103.13,102.41,108.59,90.04,110.89,113.48,97.09,98.81,110.61,111.47,121.97,131.89
2002-11-01,119.17,109.42,112.0,111.14,106.55,104.83,102.68,100.38,106.41,93.93,109.42,110.71,98.09,97.23,109.13,110.71,121.61,131.5
2002-12-01,115.56,106.22,109.38,109.53,100.91,105.79,101.77,100.05,100.91,86.85,104.65,102.21,95.32,89.29,101.77,107.37,121.73,131.63
2003-01-01,119.66,103.58,117.39,117.24,110.84,112.69,105.86,104.3,107.43,95.47,111.69,108.56,97.18,94.76,105.43,109.42,121.23,130.48
2003-02-01,121.35,110.3,120.21,123.33,121.49,121.49,112.0,110.73,116.25,106.05,118.66,112.85,101.81,101.81,112.43,118.09,128.71,134.09
2003-03-01,126.46,117.27,121.37,123.49,122.64,119.95,109.35,108.64,115.29,107.22,118.26,116.7,105.95,101.28,124.06,127.31,124.06,139.9
2003-04-01,119.49,116.22,110.38,111.66,111.38,106.82,96.28,100.98,107.96,99.27,101.55,109.24,96.28,95.14,112.66,118.92,121.49,138.86
2003-05-01,114.73,104.89,101.6,103.17,102.03,101.18,93.47,91.62,103.46,90.9,100.46,104.6,92.19,90.76,103.46,114.02,110.45,131.29
2003-06-01,112.52,97.99,103.83,104.97,105.11,103.68,92.86,93.72,108.24,90.3,102.69,104.4,92.58,92.43,105.54,113.8,117.36,128.04
2003-07-01,112.72,97.8,108.6,106.75,106.89,105.76,97.09,93.53,106.61,95.52,106.18,105.76,93.39,91.12,104.34,113.57,120.54,127.79
2003-08-01,115.37,100.49,115.65,115.09,117.21,113.39,107.01,107.57,113.81,97.51,114.38,114.66,101.62,99.07,119.2,122.17,122.31,127.42
2003-09-01,124.34,108.07,114.44,116.98,113.02,108.64,101.0,103.55,116.42,102.7,115.15,115.43,101.85,102.84,114.72,120.1,127.03,129.72
2003-10-01,116.25,105.77,106.48,107.47,108.04,105.63,97.56,100.25,108.6,91.61,106.48,106.9,92.18,90.9,99.82,110.02,112.57,127.29
2003-11-01,114.33,100.05,102.74,105.0,101.33,102.32,91.29,96.52,103.59,87.76,99.91,99.06,87.34,86.49,103.3,108.67,110.79,127.05
2003-12-01,112.51,96.62,103.93,105.2,103.93,103.37,91.55,95.35,100.84,85.79,97.46,94.09,84.94,81.71,101.26,104.77,106.04,126.43
2004-01-01,114.79,96.52,109.45,110.57,109.31,110.43,97.51,102.29,104.53,89.22,103.13,98.63,90.76,92.59,102.43,108.33,109.31,126.31
2004-02-01,118.16,102.43,114.09,114.51,115.77,113.1,102.14,103.55,95.54,96.95,106.78,108.47,95.96,91.19,111.0,112.26,122.1,126.31
2004-03-01,123.36,107.91,119.0,117.32,120.13,115.35,103.69,100.04,112.54,96.38,111.56,110.86,101.44,100.74,113.81,119.29,125.05,128.98
2004-04-01,124.69,116.84,119.08,118.66,117.26,115.3,106.19,101.99,107.87,97.23,112.64,112.5,104.93,102.55,121.6,123.7,127.49,130.15
2004-05-01,131.78,120.51,133.59,131.51,134.29,133.45,121.76,118.56,129.97,119.12,125.24,126.64,118.01,115.64,133.04,135.12,136.24,134.15
2004-06-01,136.11,130.27,128.88,132.21,128.18,125.54,113.03,110.53,128.04,118.45,120.26,126.24,119.28,112.33,130.13,134.86,140.83,145.7
2004-07-01,129.57,123.18,127.21,125.4,126.1,121.23,113.03,106.08,120.81,110.8,117.34,120.26,107.61,106.22,122.62,130.55,135.27,141.53
2004-08-01,130.81,121.63,126.22,127.05,122.74,122.46,112.44,108.82,117.31,111.19,117.17,118.7,107.15,105.2,125.8,130.67,133.31,139.02
2004-09-01,130.82,121.79,123.46,124.01,121.51,120.95,104.13,109.41,114.42,109.27,116.78,114.28,104.41,103.3,122.34,130.55,133.88,138.89
2004-10-01,134.76,121.46,127.7,129.08,126.59,129.08,110.94,113.01,122.02,112.6,120.77,121.05,109.83,110.66,123.96,130.05,137.53,138.36
2004-11-01,130.81,124.89,120.34,124.2,120.47,116.48,106.0,106.55,117.03,111.79,117.3,114.96,106.69,108.48,117.99,127.09,137.57,136.33
2004-12-01,125.73,116.92,112.92,115.13,111.96,109.34,99.29,99.84,113.61,108.38,109.76,111.55,101.49,100.67,111.27,119.12,130.14,132.07
2005-01-01,120.5,110.72,115.13,115.13,114.58,115.27,105.76,107.42,111.13,105.49,109.89,108.52,101.36,99.15,113.2,114.58,124.35,132.07
2005-02-01,127.4,114.19,120.25,121.35,118.18,117.22,108.0,108.69,121.62,110.34,117.5,116.39,106.49,105.11,121.07,121.62,128.64,133.18
2005-03-01,128.83,118.54,125.94,126.63,127.18,125.4,113.05,114.97,124.71,115.38,122.93,123.47,110.85,112.09,126.22,127.32,133.63,132.94
2005-04-01,136.11,127.21,132.55,131.32,128.86,129.4,119.13,119.96,126.94,122.01,129.27,129.13,118.59,118.31,138.85,138.85,143.51,137.62
2005-05-01,136.93,133.23,128.29,130.76,127.88,123.22,113.63,115.41,123.5,119.93,122.67,121.99,110.75,113.9,132.95,137.48,141.86,140.9
2005-06-01,136.41,128.89,130.26,128.89,130.12,131.9,119.05,120.41,125.06,119.87,125.33,125.47,114.13,114.81,132.17,133.26,137.36,140.51
2005-07-01,141.88,133.29,136.97,136.83,138.33,134.92,124.96,122.92,129.06,126.19,126.46,132.19,120.87,123.05,135.74,138.33,145.02,141.2
2005-08-01,146.65,135.79,145.84,145.84,143.66,145.84,132.53,132.94,139.05,133.48,135.79,137.96,128.18,126.83,142.98,146.38,150.72,146.65
2005-09-01,168.44,163.46,161.44,158.88,160.1,159.42,146.37,144.22,155.52,143.55,146.51,149.2,137.49,138.17,151.62,156.19,162.11,160.9
2005-10-01,155.0,151.36,146.37,144.62,145.16,141.79,130.87,131.01,143.54,137.61,138.83,138.15,123.6,129.26,140.98,147.59,162.14,157.29
2005-11-01,135.98,129.63,125.04,129.63,127.74,125.04,115.59,117.07,120.31,120.58,120.45,124.36,112.08,111.67,128.15,133.82,148.94,148.54
2005-12-01,134.5,127.76,131.26,129.92,130.73,124.65,116.16,119.39,116.02,116.02,119.12,120.88,106.44,110.22,122.5,124.52,144.49,143.68
2006-01-01,138.48,133.39,137.81,135.53,137.4,135.26,122.96,128.17,122.55,118.27,125.76,122.96,113.46,114.93,125.23,126.7,140.35,140.62
2006-02-01,139.39,133.48,125.69,129.32,129.45,123.54,113.61,114.81,115.35,113.07,119.65,121.93,109.44,111.59,119.51,125.83,141.4,139.93
2006-03-01,133.49,125.58,135.77,134.16,133.22,131.75,119.4,122.22,127.59,122.89,122.76,127.86,119.14,117.53,130.27,131.75,134.7,140.33
2006-04-01,153.18,148.64,153.45,153.05,151.58,149.31,134.35,137.55,134.21,139.96,144.36,146.1,133.15,134.08,147.84,150.24,152.38,152.51
2006-05-01,158.11,154.51,149.57,148.9,147.97,143.3,126.09,130.62,134.89,141.03,146.23,146.23,133.69,137.03,157.04,157.71,151.3,154.77
2006-06-01,154.11,147.3,148.77,148.64,145.3,141.96,130.88,135.68,140.89,140.22,145.43,144.23,129.81,134.08,151.04,155.85,151.71,154.91
2006-07-01,155.44,154.11,153.57,150.5,153.57,152.24,140.36,141.03,151.84,147.7,149.97,152.5,141.16,141.43,154.77,153.71,155.17,159.18
2006-08-01,159.55,155.29,156.09,153.82,153.02,150.09,137.44,137.58,153.69,151.16,156.35,155.69,145.7,146.63,152.23,157.15,157.69,163.81
2006-09-01,139.42,131.0,128.32,130.33,124.85,122.58,114.15,111.35,132.07,123.64,127.25,126.72,114.96,116.16,132.47,134.34,150.11,141.02
2006-10-01,130.88,120.06,122.86,116.85,117.12,118.19,111.51,111.38,122.73,117.92,122.6,119.52,104.43,110.58,128.47,132.21,135.15,136.62
2006-11-01,128.54,119.62,120.15,115.76,118.16,121.22,110.57,110.17,122.15,116.16,118.16,115.63,105.52,107.51,130.0,129.73,126.41,135.72
2006-12-01,133.24,128.07,128.73,120.11,128.47,125.02,116.27,116.0,120.38,115.47,117.73,119.85,108.18,106.59,134.43,133.9,127.27,135.62
2007-01-01,131.29,125.21,126.13,120.98,123.49,119.26,109.08,105.9,126.26,115.03,120.71,119.65,108.55,108.94,132.88,136.58,130.89,132.88
2007-02-01,128.44,121.86,123.7,115.93,124.23,123.3,117.64,117.64,122.25,115.93,120.54,121.59,111.71,111.71,131.6,129.1,125.15,133.84
2007-03-01,144.78,140.85,142.16,132.73,140.59,139.8,130.37,132.47,135.09,128.8,132.6,132.34,124.08,125.26,142.42,140.07,130.11,149.24
2007-04-01,149.62,145.44,146.61,137.21,141.65,143.87,133.02,132.11,141.13,133.02,137.47,137.47,129.5,129.76,152.49,152.76,141.78,154.59
2007-05-01,153.54,148.31,150.93,142.69,150.53,149.62,139.3,137.86,146.09,146.48,151.71,151.84,142.83,143.74,163.34,160.34,147.01,165.69
2007-06-01,155.26,144.65,146.09,141.12,145.05,137.58,135.23,133.92,148.71,145.44,145.83,146.09,134.05,137.45,145.05,147.14,154.99,167.95
2007-07-01,152.37,140.6,147.4,139.68,148.19,140.47,132.36,132.1,149.36,147.01,148.45,150.28,138.11,142.56,143.61,145.7,155.12,166.23
2007-08-01,145.96,133.26,134.97,131.04,139.81,134.44,126.06,125.41,143.74,136.54,140.46,139.42,129.21,133.13,137.85,139.81,155.13,161.67
2007-09-01,143.09,133.05,138.79,131.61,134.87,134.87,126.92,126.79,145.96,139.18,141.92,141.53,132.0,134.61,138.53,140.48,154.44,161.22
2007-10-01,141.66,129.55,133.72,127.86,134.11,133.2,123.83,122.91,133.07,130.86,131.9,129.55,120.31,122.91,132.55,132.55,151.17,154.68
2007-11-01,144.14,133.49,140.9,133.49,139.6,137.78,131.81,129.73,135.83,131.03,135.05,134.92,123.23,127.39,139.08,135.7,148.82,152.06
2007-12-01,150.1,138.45,143.76,136.9,147.38,142.21,132.37,130.17,138.84,133.92,135.48,134.96,123.83,127.2,136.77,138.97,148.93,150.49
2008-01-01,150.37,139.87,147.13,138.44,149.46,147.13,134.94,132.87,136.63,137.66,139.09,139.09,130.02,131.96,137.14,139.61,148.68,149.85
2008-02-01,149.19,138.45,143.24,136.38,149.06,148.03,135.48,133.02,138.2,138.32,139.49,138.97,130.04,132.11,142.21,141.56,148.29,151.13
2008-03-01,154.74,143.5,150.09,142.73,151.12,148.93,138.34,137.05,146.09,143.25,146.73,146.6,136.4,137.95,150.35,149.83,150.87,161.98
2008-04-01,157.27,146.6,154.7,146.09,154.06,159.2,146.34,146.6,153.54,152.9,157.02,156.5,144.67,148.91,157.53,157.79,156.37,169.75
2008-05-01,171.11,162.3,167.28,160.64,172.9,173.67,158.21,159.11,166.77,161.79,166.26,165.11,156.04,158.21,169.07,170.86,173.54,180.43
2008-06-01,180.06,172.71,176.89,170.17,183.11,181.08,164.72,165.61,174.36,168.91,173.98,173.6,163.45,164.34,181.46,181.97,179.3,185.64
2008-07-01,185.34,174.23,179.54,173.22,179.92,181.18,164.39,166.66,177.14,171.2,171.71,171.08,164.51,166.91,185.09,190.02,182.31,189.38
2008-08-01,172.34,163.0,165.4,158.83,163.63,161.99,152.01,156.43,166.41,163.12,165.14,165.14,154.54,156.56,177.39,179.28,176.89,185.72
2008-09-01,176.98,164.24,167.9,162.23,169.16,164.62,151.25,156.04,171.69,169.79,169.42,170.55,158.06,160.59,173.96,174.34,175.22,188.72
2008-10-01,158.78,142.27,146.21,143.41,148.88,141.0,129.82,134.52,150.91,148.49,150.27,148.49,136.94,140.11,152.18,156.37,165.77,170.85
2008-11-01,125.81,111.67,114.6,112.68,116.0,111.28,100.45,105.42,122.5,116.51,116.38,117.15,105.8,109.63,123.14,126.07,133.97,147.48
2008-12-01,111.03,94.28,99.39,95.94,101.95,101.18,88.9,94.92,111.03,101.44,101.18,104.0,90.82,93.38,107.84,107.96,116.41,126.64
2009-01-01,110.2,95.72,99.7,94.83,106.74,108.15,95.08,101.11,107.9,106.23,111.1,110.84,97.39,98.29,117.76,117.51,109.18,125.07
2009-02-01,117.99,107.77,110.46,104.97,115.18,113.27,98.07,104.2,113.9,110.33,114.54,116.2,102.92,106.24,121.31,122.97,115.56,129.61
2009-03-01,118.99,106.46,110.3,104.93,115.03,115.79,103.27,108.25,111.32,111.06,116.18,116.69,104.93,106.85,126.15,123.21,126.27,131.39
2009-04-01,122.25,110.59,114.82,109.05,115.59,114.05,103.67,109.18,113.02,114.69,120.33,120.46,105.46,108.54,128.14,126.22,126.22,133.91
2009-05-01,129.88,117.12,123.12,115.97,126.05,128.86,113.93,120.44,125.29,120.57,124.39,124.9,112.15,114.57,132.69,133.96,126.05,136.51
2009-06-01,138.46,130.84,133.76,126.9,135.28,133.76,119.91,125.5,136.43,130.71,136.05,135.54,118.52,124.87,140.87,136.17,134.01,150.78
2009-07-01,139.71,126.2,129.51,123.77,130.4,127.6,114.09,119.7,136.14,127.22,130.66,131.17,114.21,117.91,137.8,134.1,135.5,151.95
2009-08-01,137.56,129.03,132.08,125.34,134.25,132.72,119.23,125.09,135.14,126.87,132.21,131.45,118.34,120.63,139.21,134.5,131.07,149.39
2009-09-01,138.45,126.88,129.55,123.58,130.7,131.08,115.06,121.16,133.11,127.39,128.03,128.15,115.44,118.62,142.52,137.44,128.15,149.26
2009-10-01,131.74,121.71,125.01,118.16,126.54,127.55,116.26,121.33,125.52,121.71,122.73,122.47,111.94,114.1,131.99,128.31,128.82,148.87
2009-11-01,140.02,129.41,133.83,125.75,128.66,132.7,119.56,123.86,127.52,124.36,126.76,125.37,112.49,115.9,135.85,133.07,126.0,147.85
2009-12-01,137.49,123.61,127.77,122.97,127.27,127.27,115.27,119.19,122.09,121.21,119.56,118.55,107.07,109.84,133.45,131.18,125.88,147.72
2010-01-01,138.15,127.83,132.61,125.95,133.75,132.99,119.78,124.44,129.22,124.44,125.44,126.58,113.87,116.13,138.91,130.6,139.28,147.08
2010-02-01,136.77,125.59,129.23,122.69,128.73,130.99,119.3,122.82,129.11,124.33,124.45,124.45,109.24,111.25,137.91,128.85,141.05,146.96
2010-03-01,142.3,130.83,135.24,128.31,136.63,138.26,123.9,126.79,126.42,124.4,127.42,127.3,114.06,116.21,143.31,132.84,141.79,147.34
2010-04-01,142.42,130.83,134.61,128.43,133.22,137.89,123.77,126.92,133.73,124.53,130.07,129.19,115.2,117.59,144.82,133.73,141.79,147.34
2010-05-01,141.04,128.7,132.73,127.31,134.74,134.24,120.89,123.66,137.51,124.42,132.98,132.35,116.86,119.51,145.57,138.14,141.67,147.21
2010-06-01,134.77,123.22,125.98,120.96,128.12,130.75,118.57,119.95,132.76,119.95,126.99,124.47,109.53,112.04,143.56,139.29,141.3,146.83
2010-07-01,135.7,123.96,130.21,122.21,129.96,129.58,126.71,129.08,135.83,117.33,124.58,125.96,110.21,115.34,147.57,139.95,140.58,146.07
2010-08-01,136.2,123.19,130.69,122.56,132.07,127.69,125.31,127.57,135.19,121.69,124.69,124.31,113.06,118.06,148.2,140.07,141.2,146.2
2010-09-01,133.71,121.73,127.47,119.98,126.97,132.47,126.22,126.1,132.22,123.48,125.72,126.97,111.62,116.61,144.83,139.83,140.96,145.95
2010-10-01,138.01,125.22,134.41,124.35,133.41,136.14,132.05,131.8,133.54,119.02,128.7,127.7,112.94,117.53,144.33,136.39,140.12,145.08
2010-11-01,140.38,127.01,134.56,126.14,138.15,142.98,134.56,134.31,137.16,118.34,128.37,123.91,110.05,114.26,144.59,139.51,139.76,144.96
2010-12-01,144.34,130.91,140.65,131.15,142.13,144.59,137.19,135.72,148.04,121.29,129.92,128.69,117.35,119.81,146.81,139.17,139.17,144.1
2011-01-01,148.16,134.01,143.36,134.87,143.85,148.65,140.65,139.79,146.56,130.56,137.46,137.46,122.81,128.6,149.02,141.15,145.82,143.85
2011-02-01,148.66,136.46,143.11,134.74,146.07,149.27,140.4,141.39,147.3,133.01,137.57,137.45,124.15,127.35,151.37,143.98,147.67,144.59
2011-03-01,156.47,145.33,153.28,143.99,153.04,159.52,148.02,148.02,156.95,139.83,145.7,146.31,133.96,137.01,159.77,153.04,155.0,156.83
2011-04-01,165.44,150.94,161.78,156.05,163.97,168.97,155.69,159.59,161.29,145.94,152.52,153.74,139.24,142.78,166.65,158.61,161.05,161.66
2011-05-01,166.46,153.47,162.21,154.44,164.88,165.37,155.78,162.09,173.14,153.23,160.63,160.51,146.67,149.59,169.38,159.78,166.22,168.65
2011-06-01,159.71,150.09,154.23,150.94,158.86,160.93,152.28,157.76,168.36,145.33,154.71,152.64,134.01,139.97,165.44,157.27,167.14,169.21
2011-07-01,158.71,147.16,155.67,151.29,160.54,161.88,154.58,157.62,158.11,140.11,150.44,149.23,132.81,138.28,162.61,151.29,161.51,168.93
2011-08-01,159.41,147.03,153.83,151.89,157.1,161.47,152.37,154.56,161.59,141.21,148.85,148.49,132.6,136.72,161.59,149.22,157.95,168.51
2011-09-01,159.85,148.0,155.61,152.71,157.55,158.27,151.26,151.5,161.18,138.32,152.11,150.29,131.19,135.91,165.53,154.65,155.61,167.95
2011-10-01,156.79,144.62,152.33,149.68,157.63,157.99,148.59,149.68,157.87,139.92,147.63,146.54,131.12,134.85,167.15,151.12,155.1,167.39
2011-11-01,154.25,142.33,150.76,148.23,153.29,156.9,143.77,145.7,149.55,136.31,145.34,141.97,124.39,128.36,160.75,144.5,154.13,167.25
2011-12-01,151.49,140.15,146.54,145.22,150.77,154.38,141.84,142.44,142.56,128.09,142.32,135.21,119.77,125.44,152.7,135.81,151.85,167.53
2012-01-01,152.66,141.86,153.37,148.58,156.97,160.21,146.06,146.42,146.42,129.51,139.94,138.15,121.96,126.51,154.33,139.94,150.98,166.57
2012-02-01,159.98,147.38,158.66,153.26,159.74,164.66,148.82,151.58,151.94,130.34,139.1,138.62,124.7,128.78,155.42,137.3,151.1,166.7
2012-03-01,165.25,153.37,164.65,159.01,164.41,168.12,151.46,157.21,159.25,140.66,145.22,147.38,133.95,136.35,168.96,154.09,157.69,166.09
2012-04-01,170.2,160.28,170.56,164.82,168.53,171.52,156.1,162.07,166.86,147.25,151.44,151.68,139.96,142.47,170.44,156.22,162.55,166.02
2012-05-01,161.89,150.86,157.69,155.53,164.17,162.85,150.5,154.57,165.73,146.42,151.22,151.34,134.19,137.31,173.16,158.05,163.69,166.57
2012-06-01,154.84,144.62,150.03,148.83,156.88,159.04,143.18,147.98,162.53,146.54,151.11,151.35,134.88,138.25,170.7,156.4,163.49,166.98
2012-07-01,149.43,140.05,149.67,144.98,157.24,160.49,145.1,150.99,159.77,146.54,151.11,151.35,130.91,136.08,166.14,148.95,163.49,166.98
2012-08-01,156.95,146.66,155.88,150.37,164.02,165.81,149.29,153.96,158.99,145.94,150.49,150.73,134.93,138.4,164.62,151.09,162.82,166.29
2012-09-01,162.19,156.94,165.9,160.64,168.41,168.41,151.92,155.98,162.79,149.41,153.11,152.87,141.04,142.59,161.36,149.05,162.55,166.02
2012-10-01,159.89,156.31,162.63,157.74,167.16,166.68,148.8,150.59,164.06,149.99,154.52,154.88,136.16,140.33,162.75,150.23,162.15,165.61
2012-11-01,152.62,144.03,150.47,144.86,155.37,159.18,145.58,145.82,157.63,137.7,141.17,144.39,120.4,127.32,150.59,136.27,160.5,165.75
2012-12-01,149.88,143.19,147.49,143.79,149.88,154.66,141.52,143.91,153.22,130.17,130.17,131.85,122.17,122.05,145.94,135.79,156.45,165.88
2013-01-01,151.31,143.31,151.91,145.94,156.8,156.32,143.31,146.18,146.89,125.41,127.08,123.86,109.3,114.44,150.35,137.23,154.89,165.75
2013-02-01,159.45,151.75,163.01,155.42,165.02,169.29,152.1,155.07,151.51,135.27,139.18,139.42,126.97,131.47,163.13,146.41,151.98,164.67
2013-03-01,156.26,151.87,160.65,155.9,164.21,164.09,150.8,154.24,158.51,146.06,142.97,142.73,131.34,134.78,167.29,147.01,152.82,164.8
2013-04-01,151.3,154.87,154.16,150.82,160.23,159.52,146.89,150.23,159.16,146.3,139.62,138.91,126.04,132.6,163.09,150.23,152.37,165.48
2013-05-01,147.84,150.82,150.47,146.18,157.97,161.9,145.82,149.39,161.31,147.13,147.37,149.15,135.81,141.65,173.58,157.61,158.92,165.48
2013-06-01,150.45,153.54,153.54,148.55,157.82,163.88,150.81,152.24,166.14,160.2,155.92,154.85,143.8,151.29,170.78,160.67,175.77,165.07
2013-07-01,154.95,157.92,158.28,152.11,163.85,168.6,154.48,156.26,163.97,156.02,149.97,152.46,137.28,141.07,174.53,163.85,166.7,164.8
2013-08-01,156.61,161.82,159.93,154.83,165.02,166.33,154.0,155.54,161.82,152.34,146.17,146.17,134.79,136.69,171.78,161.11,166.21,164.67
2013-09-01,157.3,161.21,159.78,155.52,168.31,164.4,153.63,154.7,160.14,148.54,145.23,145.23,133.27,134.93,166.06,157.89,165.58,164.4
2013-10-01,148.07,151.5,149.61,146.41,154.11,156.48,146.77,147.83,156.48,137.88,138.95,137.53,126.51,132.31,156.83,148.9,165.72,164.53
2013-11-01,149.01,151.61,149.37,144.64,154.92,157.53,145.82,147.36,154.45,132.22,136.59,133.87,121.81,128.2,151.97,140.97,155.28,164.27
2013-12-01,152.77,153.36,154.07,147.7,156.78,160.67,148.29,150.06,152.89,126.25,140.16,136.62,124.48,127.55,147.82,137.92,151.83,163.74
2014-01-01,154.64,155.11,155.58,150.05,158.52,161.58,147.23,148.88,152.52,129.47,131.59,132.18,120.77,126.06,152.64,139.0,151.34,163.34
2014-02-01,157.54,158.83,159.3,153.32,157.19,160.94,150.86,153.08,153.08,130.93,139.02,138.43,126.12,131.28,154.26,140.31,154.61,162.81
2014-03-01,157.75,161.15,161.85,157.64,157.52,165.36,152.14,153.89,158.46,146.17,148.74,148.63,136.22,140.2,166.06,150.03,157.99,162.55
2014-04-01,158.99,160.62,158.64,156.77,161.09,167.85,155.26,157.36,166.33,147.91,149.43,152.23,137.66,143.84,171.58,158.87,156.07,161.9
2014-05-01,161.07,162.35,162.01,157.93,163.4,166.2,156.3,158.16,165.03,148.84,151.06,150.36,133.24,143.37,173.65,162.12,163.29,161.77
2014-06-01,160.8,161.27,160.57,153.48,163.59,168.36,159.64,163.24,168.12,149.88,154.07,153.25,140.36,146.51,176.95,161.27,163.13,161.39
2014-07-01,157.9,158.6,158.83,154.53,162.31,166.15,156.39,158.83,166.96,145.7,149.42,149.42,136.64,140.94,169.75,158.13,163.71,161.39
2014-08-01,153.83,155.57,153.83,147.91,156.61,161.84,148.72,153.25,162.07,142.91,145.47,146.51,133.97,139.31,166.71,152.32,156.85,161.26
2014-09-01,154.28,154.28,154.16,149.76,161.23,160.77,146.28,150.8,160.19,141.99,146.63,144.08,131.56,136.77,164.48,151.03,155.67,161.0
2014-10-01,148.94,150.21,151.25,147.2,152.88,154.5,139.8,143.27,156.58,133.78,140.49,140.15,127.18,135.52,152.3,139.22,153.69,160.74
2014-11-01,136.54,136.2,136.54,133.76,136.08,144.89,128.66,133.07,145.24,123.91,125.18,125.53,115.56,120.55,148.37,131.56,149.18,159.73
2014-12-01,122.48,121.78,122.6,121.9,128.29,134.55,113.66,120.51,130.49,106.92,110.76,109.59,98.1,108.43,130.96,125.96,138.04,142.57
2015-01-01,111.58,106.57,106.68,105.75,112.97,119.15,103.19,105.98,114.25,95.97,97.13,98.88,84.32,90.73,119.84,115.19,118.1,124.62
2015-02-01,123.99,116.33,116.21,110.87,117.72,130.03,114.01,117.72,123.41,104.14,108.55,109.83,95.66,102.05,136.06,119.81,113.08,127.94
2015-03-01,130.91,123.98,125.13,119.59,129.41,136.8,120.05,121.9,127.44,110.92,111.96,114.62,104.8,108.03,143.97,139.23,121.78,131.6
2015-04-01,126.36,121.84,125.32,122.54,129.02,136.2,119.41,121.84,123.46,108.52,110.61,112.0,108.17,110.38,143.15,137.01,126.71,131.92
2015-05-01,134.97,130.24,133.24,130.36,136.59,144.2,126.67,129.9,129.09,112.82,117.09,115.82,108.9,115.59,153.43,143.74,129.55,137.74
2015-06-01,141.56,136.39,137.54,134.78,138.23,149.26,132.83,135.7,136.51,123.87,128.92,127.89,119.96,127.54,155.24,145.7,135.24,148.11
2015-07-01,139.74,136.53,135.15,133.66,140.66,145.59,136.41,138.71,140.54,119.33,125.07,125.75,118.88,125.52,155.33,146.96,136.3,153.5
2015-08-01,130.45,130.45,126.79,125.3,132.29,137.33,126.79,129.54,148.11,124.61,129.65,133.32,123.35,129.77,149.71,142.95,143.18,153.84
2015-09-01,122.64,118.85,116.79,118.17,128.38,130.44,116.67,120.69,138.7,113.81,116.9,117.59,109.45,115.87,135.6,130.9,137.55,141.46
2015-10-01,118.21,114.77,112.6,111.79,118.78,128.06,112.48,115.46,135.85,118.67,118.78,119.24,112.25,120.04,133.56,124.51,137.22,145.7
2015-11-01,118.0,112.16,113.42,111.94,119.6,126.93,115.03,117.89,133.68,112.62,115.94,114.11,101.98,114.11,142.72,133.11,130.82,137.0
2015-12-01,112.08,111.51,110.82,110.93,116.99,124.66,109.79,114.82,124.2,99.04,101.21,100.18,93.21,98.58,140.55,130.26,115.74,128.55
2016-01-01,106.28,106.39,106.96,105.82,111.87,117.02,99.3,109.36,111.99,95.08,91.99,88.79,83.76,91.76,126.5,118.5,112.22,122.62
2016-02-01,102.67,99.23,98.66,99.46,103.12,112.28,97.4,102.78,99.69,85.5,82.98,84.7,72.22,84.12,121.21,112.28,103.92,110.45
2016-03-01,101.89,100.63,99.61,98.35,109.99,111.47,103.37,105.54,112.84,96.98,99.15,96.3,89.11,96.52,128.81,120.83,108.05,119.12
2016-04-01,115.63,113.8,114.26,110.27,115.85,124.63,113.69,116.54,118.02,102.87,100.47,102.98,95.35,102.98,130.66,120.64,113.69,123.49
2016-05-01,118.45,117.2,116.63,113.9,117.99,126.74,118.67,120.49,123.56,107.66,107.43,108.22,102.21,108.68,136.27,128.1,121.74,128.78
2016-06-01,142.98,118.62,120.09,118.85,121.23,125.53,118.85,120.21,139.92,127.69,124.29,122.13,116.02,119.64,137.77,130.18,137.77,139.24
2016-07-01,137.99,111.57,109.98,111.91,113.27,120.42,114.41,116.11,134.47,108.28,107.04,104.09,97.62,105.22,140.71,129.15,133.0,135.38
2016-08-01,139.13,109.22,108.65,110.12,114.66,122.59,112.5,114.54,130.29,107.63,109.67,109.67,101.29,109.11,135.62,127.57,131.31,133.92
2016-09-01,144.12,113.57,115.5,115.72,117.08,125.56,111.76,114.14,124.89,107.24,107.47,110.07,99.09,104.86,142.08,133.82,131.11,131.79
2016-10-01,147.51,119.18,118.84,118.28,119.74,130.69,117.03,118.95,122.11,111.96,109.59,110.71,106.2,107.67,144.8,134.87,130.8,133.4
2016-11-01,144.46,116.65,116.54,118.35,117.89,125.69,111.9,114.62,117.89,99.58,100.49,97.77,94.72,98.79,130.33,135.87,128.52,129.08
2016-12-01,146.6,118.66,119.67,118.99,119.67,132.18,115.28,117.98,116.85,103.33,102.88,106.37,101.08,106.94,135.9,128.68,126.21,128.68
2017-01-01,153.99,126.44,125.21,124.65,124.31,130.47,124.09,126.33,129.8,114.12,113.33,114.23,113.0,119.61,143.24,138.87,133.38,136.29
2017-02-01,146.6,118.67,117.1,119.34,119.34,126.74,118.11,120.91,125.17,108.01,104.76,105.55,102.85,105.21,140.88,131.12,134.37,132.58
2017-03-01,142.22,117.5,115.93,116.72,117.95,127.05,109.64,120.87,124.36,105.82,103.8,103.8,103.57,104.81,150.42,141.32,134.58,131.32
2017-04-01,149.84,123.53,125.54,124.65,128.79,139.43,129.46,129.91,133.27,113.89,115.01,114.34,116.36,121.29,155.44,144.24,133.83,132.93
2017-05-01,145.25,119.79,119.34,120.69,125.51,133.47,125.96,125.62,131.68,104.65,107.45,107.45,107.79,111.6,150.3,140.99,131.68,131.12
2017-06-01,127.31,118.67,115.75,117.88,120.46,127.87,119.23,120.35,127.87,102.63,103.41,102.52,102.52,108.01,145.92,139.64,127.53,130.0
2017-07-01,125.54,114.68,115.13,114.34,119.27,128.45,116.81,122.63,125.99,98.1,104.26,104.82,104.26,107.18,147.6,136.4,124.65,128.12
2017-08-01,129.83,119.44,119.0,119.67,126.59,132.18,116.76,125.7,125.81,100.67,107.15,107.04,107.93,110.95,153.86,142.68,123.69,128.38
2017-09-01,140.13,127.98,128.98,128.31,135.44,139.23,131.43,131.77,138.57,111.7,110.92,111.37,107.8,114.04,153.17,144.14,131.43,128.2
2017-10-01,133.57,120.1,118.76,119.65,123.88,132.9,127.89,127.89,133.34,110.97,110.42,110.19,109.64,113.31,152.38,141.69,125.89,127.45
2017-11-01,140.28,127.89,128.22,127.78,132.65,140.28,134.86,135.19,146.47,120.48,122.14,120.03,122.47,126.01,156.32,148.36,140.5,136.52
2017-12-01,130.44,123.26,123.59,124.14,126.02,135.75,133.32,133.76,140.39,113.97,115.19,114.53,113.64,117.95,151.67,141.5,137.63,135.31
2018-01-01,132.48,126.98,126.87,125.66,130.83,140.52,137.0,137.11,136.45,117.84,116.63,118.28,118.39,123.45,156.05,142.73,133.7,135.57
2018-02-01,133.83,126.91,125.37,125.15,131.09,140.1,131.42,135.81,134.82,114.49,113.73,113.73,114.27,121.53,158.78,148.23,133.39,135.04
2018-03-01,134.06,128.35,125.17,125.06,135.49,142.74,138.12,138.45,135.71,117.37,118.69,120.12,122.2,126.6,166.23,157.23,133.29,134.94
2018-04-01,143.73,135.5,136.26,134.84,144.49,151.3,146.58,146.69,148.55,132.86,128.26,129.02,134.4,137.36,170.17,161.5,143.62,141.42
2018-05-01,150.3,143.95,142.96,141.31,149.76,156.44,150.09,150.52,155.35,137.15,135.61,134.96,139.78,142.08,175.3,168.72,156.11,150.41
2018-06-01,147.01,142.31,137.38,137.6,144.17,152.92,140.34,147.34,153.91,137.16,133.88,133.99,136.18,139.13,168.91,164.31,158.62,155.11
2018-07-01,147.01,140.47,137.53,138.29,142.32,149.95,141.12,147.77,157.47,134.48,134.48,137.09,142.76,143.19,169.67,163.46,157.91,157.36
2018-08-01,144.18,138.08,134.93,137.65,142.65,150.49,138.63,145.37,158.1,128.4,132.1,133.73,137.32,141.13,163.55,157.23,157.67,158.43
2018-09-01,142.87,137.75,134.48,138.3,143.74,152.45,134.05,140.8,157.79,126.97,131.33,132.63,137.86,141.45,165.41,155.39,156.92,159.42
2018-10-01,142.44,135.17,133.11,137.01,138.43,142.99,128.22,134.63,154.49,120.84,130.39,132.89,130.07,131.8,168.5,161.01,157.1,158.51
2018-11-01,128.96,121.34,117.43,123.3,125.15,127.22,115.69,121.45,146.46,111.34,118.95,124.06,114.93,117.76,154.29,149.83,152.66,152.66
2018-12-01,119.01,112.29,108.38,114.24,117.93,122.05,108.16,114.46,135.07,103.61,105.45,110.01,103.06,105.34,150.26,143.75,135.5,139.73
2019-01-01,116.41,106.32,107.4,110.77,115.97,121.62,104.69,111.09,128.23,97.53,99.59,103.82,99.59,103.28,143.2,141.14,135.5,129.86
2019-02-01,122.34,107.95,111.63,112.6,115.95,122.88,103.95,110.44,126.23,105.46,110.11,109.25,107.3,110.33,145.38,137.05,135.1,130.12
2019-03-01,132.34,120.16,125.66,123.5,131.37,136.11,119.51,124.79,133.52,116.82,119.84,119.51,118.76,122.42,161.22,148.29,139.88,135.35
2019-04-01,141.4,135.17,137.1,139.68,140.33,146.13,135.17,136.14,150.64,134.42,136.78,137.32,127.76,131.62,179.76,169.23,148.17,144.52
2019-05-01,140.45,137.88,134.77,139.59,142.06,147.74,136.92,136.81,155.66,131.34,132.52,137.45,126.2,129.31,181.05,172.8,147.52,152.88
2019-06-01,128.87,124.58,118.9,127.8,131.01,137.77,127.69,127.47,149.99,121.26,118.68,130.26,107.64,111.07,159.1,157.06,147.63,148.49
2019-07-01,137.05,131.49,128.08,132.45,135.98,142.39,133.95,133.84,145.17,122.52,122.95,126.26,112.59,115.79,161.83,151.9,152.11,143.56
2019-08-01,131.81,124.66,121.99,128.18,126.69,133.63,125.83,126.58,142.82,115.04,116.43,118.14,106.71,109.17,158.3,145.38,152.64,140.57
2019-09-01,129.77,123.36,120.26,125.92,125.28,132.44,124.21,124.75,140.46,115.66,115.66,115.66,106.15,109.14,164.19,151.69,152.65,142.71
2019-10-01,129.18,122.04,120.33,125.88,122.78,131.74,122.78,124.6,139.3,118.2,118.09,117.14,104.67,107.01,168.62,160.62,152.31,142.18
2019-11-01,129.94,121.84,121.1,126.64,124.29,131.53,120.99,123.97,136.97,113.96,115.77,108.21,101.29,104.27,149.64,147.94,152.2,140.69
2019-12-01,129.36,120.66,119.17,125.64,123.52,131.06,120.02,123.1,135.72,109.62,115.14,113.76,102.09,105.06,144.85,140.5,151.43,139.76
2020-01-01,131.16,120.55,119.28,125.01,122.14,129.57,118.43,121.61,135.41,107.82,116.52,116.73,104.84,107.82,148.46,148.25,151.64,137.64
2020-02-01,127.37,117.62,113.91,120.06,120.16,127.26,114.86,117.62,133.51,108.61,111.37,113.49,102.15,104.9,154.6,151.74,151.0,135.21
2020-03-01,108.39,96.42,91.29,101.98,105.93,106.15,90.11,92.04,118.55,90.33,94.5,91.08,82.31,84.66,129.77,135.01,134.16,120.15
2020-04-01,87.36,79.08,72.96,78.87,87.14,91.87,84.13,84.99,91.22,72.74,77.04,70.49,67.05,71.13,103.9,106.8,108.42,101.75
2020-05-01,98.24,88.69,83.96,88.9,100.39,104.15,97.38,97.92,107.48,91.48,94.38,92.02,89.44,93.63,121.33,115.85,110.59,103.83
2020-06-01,109.59,100.97,95.64,98.73,110.55,112.47,105.87,106.4,119.07,101.71,102.99,102.78,97.99,101.29,135.48,131.22,122.8,116.62
2020-07-01,114.26,106.26,102.43,104.67,116.71,117.88,110.53,111.17,125.45,106.48,109.14,110.1,101.25,103.81,140.05,138.35,127.79,122.57
2020-08-01,113.64,105.97,100.86,103.2,115.35,116.41,110.02,110.66,123.76,104.16,107.68,108.64,98.2,103.84,138.46,136.22,127.7,124.08
2020-09-01,113.29,105.0,100.11,103.08,114.46,113.29,107.44,108.19,123.7,102.77,109.25,110.1,105.0,111.48,133.8,132.84,127.31,124.55
2020-10-01,116.88,105.54,99.71,102.57,107.13,111.69,106.07,106.71,122.92,107.13,103.63,108.08,97.49,110.73,129.59,128.85,127.05,127.16
2020-11-01,118.25,101.15,96.08,99.56,108.75,110.65,104.21,104.84,119.62,101.25,103.89,102.94,95.23,109.49,130.5,126.59,126.59,125.53
2020-12-01,123.35,107.01,101.74,104.16,113.02,114.6,108.8,109.22,120.82,100.89,105.22,105.43,99.84,107.43,132.94,126.83,126.41,125.35
2021-01-01,131.1,114.61,112.93,111.45,120.59,121.22,116.5,116.5,127.53,108.09,109.35,109.04,105.99,107.99,141.39,134.46,130.36,127.53
2021-02-01,137.1,120.86,120.96,117.71,126.94,128.4,123.37,123.79,131.34,114.46,115.93,115.62,114.25,116.66,148.01,144.23,133.23,130.29
2021-03-01,148.11,131.16,130.74,128.76,134.3,135.03,128.76,129.49,139.01,121.22,125.93,125.2,119.76,122.69,156.47,154.9,138.9,136.39
2021-04-01,146.84,131.24,130.1,130.83,133.84,133.64,130.41,130.93,144.04,127.6,133.01,131.56,124.69,128.54,158.28,154.23,145.39,141.12
2021-05-01,148.71,134.2,132.23,133.37,138.65,138.65,134.61,134.92,143.52,132.44,131.61,129.85,127.88,131.92,161.24,159.9,146.74,146.01
2021-06-01,149.83,135.26,133.51,134.54,139.19,140.95,135.68,137.02,144.67,131.34,131.23,130.72,129.79,134.64,166.47,160.37,149.73,147.87
2021-07-01,157.73,140.97,139.22,139.63,141.59,143.64,138.5,140.25,150.33,135.21,135.52,135.01,136.75,139.43,173.87,171.92,153.1,151.77
2021-08-01,155.31,139.77,137.11,139.36,143.04,144.37,138.75,140.28,149.99,134.76,134.76,134.25,135.27,138.24,169.32,166.76,158.07,153.16
2021-09-01,156.59,140.0,137.55,140.2,147.23,145.9,138.78,140.41,149.47,134.19,134.19,134.09,131.85,135.52,159.55,159.14,158.63,152.62
2021-10-01,162.2,145.7,144.18,144.89,152.48,153.5,145.29,147.12,155.62,142.97,143.37,143.07,140.03,142.56,164.43,162.91,157.85,152.48
2021-11-01,160.42,144.69,141.97,147.21,155.88,153.36,143.78,145.5,155.08,139.85,144.59,144.19,137.13,143.08,161.13,159.51,157.19,154.07
2021-12-01,152.54,135.34,131.42,140.37,150.63,149.12,136.75,138.46,144.59,131.42,131.52,130.42,131.32,140.27,158.07,153.44,156.76,152.34
2022-01-01,159.2,143.5,141.4,142.2,152.7,155.5,144.3,146.1,149.9,138.5,137.0,135.7,133.7,138.9,170.5,164.6,157.2,151.5
