city,image,province_abbrev,Jan-1990,Feb-1990,Mar-1990,Apr-1990,May-1990,Jun-1990,Jul-1990,Aug-1990,Sep-1990,Oct-1990,Nov-1990,Dec-1990,Jan-1991,Feb-1991,Mar-1991,Apr-1991,May-1991,Jun-1991,Jul-1991,Aug-1991,Sep-1991,Oct-1991,Nov-1991,Dec-1991,Jan-1992,Feb-1992,Mar-1992,Apr-1992,May-1992,Jun-1992,Jul-1992,Aug-1992,Sep-1992,Oct-1992,Nov-1992,Dec-1992,Jan-1993,Feb-1993,Mar-1993,Apr-1993,May-1993,Jun-1993,Jul-1993,Aug-1993,Sep-1993,Oct-1993,Nov-1993,Dec-1993,Jan-1994,Feb-1994,Mar-1994,Apr-1994,May-1994,Jun-1994,Jul-1994,Aug-1994,Sep-1994,Oct-1994,Nov-1994,Dec-1994,Jan-1995,Feb-1995,Mar-1995,Apr-1995,May-1995,Jun-1995,Jul-1995,Aug-1995,Sep-1995,Oct-1995,Nov-1995,Dec-1995,Jan-1996,Feb-1996,Mar-1996,Apr-1996,May-1996,Jun-1996,Jul-1996,Aug-1996,Sep-1996,Oct-1996,Nov-1996,Dec-1996,Jan-1997,Feb-1997,Mar-1997,Apr-1997,May-1997,Jun-1997,Jul-1997,Aug-1997,Sep-1997,Oct-1997,Nov-1997,Dec-1997,Jan-1998,Feb-1998,Mar-1998,Apr-1998,May-1998,Jun-1998,Jul-1998,Aug-1998,Sep-1998,Oct-1998,Nov-1998,Dec-1998,Jan-1999,Feb-1999,Mar-1999,Apr-1999,May-1999,Jun-1999,Jul-1999,Aug-1999,Sep-1999,Oct-1999,Nov-1999,Dec-1999,Jan-2000,Feb-2000,Mar-2000,Apr-2000,May-2000,Jun-2000,Jul-2000,Aug-2000,Sep-2000,Oct-2000,Nov-2000,Dec-2000,Jan-2001,Feb-2001,Mar-2001,Apr-2001,May-2001,Jun-2001,Jul-2001,Aug-2001,Sep-2001,Oct-2001,Nov-2001,Dec-2001,Jan-2002,Feb-2002,Mar-2002,Apr-2002,May-2002,Jun-2002,Jul-2002,Aug-2002,Sep-2002,Oct-2002,Nov-2002,Dec-2002,Jan-2003,Feb-2003,Mar-2003,Apr-2003,May-2003,Jun-2003,Jul-2003,Aug-2003,Sep-2003,Oct-2003,Nov-2003,Dec-2003,Jan-2004,Feb-2004,Mar-2004,Apr-2004,May-2004,Jun-2004,Jul-2004,Aug-2004,Sep-2004,Oct-2004,Nov-2004,Dec-2004,Jan-2005,Feb-2005,Mar-2005,Apr-2005,May-2005,Jun-2005,Jul-2005,Aug-2005,Sep-2005,Oct-2005,Nov-2005,Dec-2005,Jan-2006,Feb-2006,Mar-2006,Apr-2006,May-2006,Jun-2006,Jul-2006,Aug-2006,Sep-2006,Oct-2006,Nov-2006,Dec-2006,Jan-2007,Feb-2007,Mar-2007,Apr-2007,May-2007,Jun-2007,Jul-2007,Aug-2007,Sep-2007,Oct-2007,Nov-2007,Dec-2007,Jan-2008,Feb-2008,Mar-2008,Apr-2008,May-2008,Jun-2008,Jul-2008,Aug-2008,Sep-2008,Oct-2008,Nov-2008,Dec-2008,Jan-2009,Feb-2009,Mar-2009,Apr-2009,May-2009,Jun-2009,Jul-2009,Aug-2009,Sep-2009,Oct-2009,Nov-2009,Dec-2009,Jan-2010,Feb-2010,Mar-2010,Apr-2010,May-2010,Jun-2010,Jul-2010,Aug-2010,Sep-2010,Oct-2010,Nov-2010,Dec-2010,Jan-2011,Feb-2011,Mar-2011,Apr-2011,May-2011,Jun-2011,Jul-2011,Aug-2011,Sep-2011,Oct-2011,Nov-2011,Dec-2011,Jan-2012,Feb-2012,Mar-2012,Apr-2012,May-2012,Jun-2012,Jul-2012,Aug-2012,Sep-2012,Oct-2012,Nov-2012,Dec-2012,Jan-2013,Feb-2013,Mar-2013,Apr-2013,May-2013,Jun-2013,Jul-2013,Aug-2013,Sep-2013,Oct-2013,Nov-2013,Dec-2013,Jan-2014,Feb-2014,Mar-2014,Apr-2014,May-2014,Jun-2014,Jul-2014,Aug-2014,Sep-2014,Oct-2014,Nov-2014,Dec-2014,Jan-2015,Feb-2015,Mar-2015,Apr-2015,May-2015,Jun-2015,Jul-2015,Aug-2015,Sep-2015,Oct-2015,Nov-2015,Dec-2015,Jan-2016,Feb-2016,Mar-2016,Apr-2016,May-2016,Jun-2016,Jul-2016,Aug-2016,Sep-2016,Oct-2016,Nov-2016,Dec-2016,Jan-2017,Feb-2017,Mar-2017,Apr-2017,May-2017,Jun-2017,Jul-2017,Aug-2017,Sep-2017,Oct-2017,Nov-2017,Dec-2017,Jan-2018,Feb-2018,Mar-2018,Apr-2018,May-2018,Jun-2018,Jul-2018,Aug-2018,Sep-2018,Oct-2018,Nov-2018,Dec-2018,Jan-2019,Feb-2019,Mar-2019,Apr-2019,May-2019,Jun-2019,Jul-2019,Aug-2019,Sep-2019,Oct-2019,Nov-2019,Dec-2019,Jan-2020,Feb-2020,Mar-2020,Apr-2020,May-2020,Jun-2020,Jul-2020,Aug-2020,Sep-2020,Oct-2020,Nov-2020,Dec-2020,Jan-2021,Feb-2021,Mar-2021,Apr-2021,May-2021,Jun-2021,Jul-2021,Aug-2021,Sep-2021,Oct-2021,Nov-2021,Dec-2021,Jan-2022
St. John's,https://cdn.britannica.com/92/2992-004-54C721CF/Flag-Newfoundland-and-Labrador.jpg, NL,109.61,109.84,109.98,111.48,111.85,111.23,110.44,110.48,113.53,120.78,122.57,128.92,130.6,122.78,114.72,109.58,108.88,108.35,108.22,108.27,108.35,108.49,108.09,108.62,108.35,108.22,107.01,106.01,105.76,105.51,105.68,105.55,105.43,103.41,102.42,101.84,97.99,97.65,96.45,96.34,97.93,99.64,101.39,98.61,98.15,95.72,92.56,91.55,90.13,91.38,95.48,96.85,101.75,101.8,101.45,101.21,101.43,104.94,104.58,104.22,101.79,100.65,102.76,102.52,109.48,109.48,109.36,107.49,104.38,103.88,100.95,100.95,100.83,98.9,97.3,101.51,104.73,104.4,92.44,94.79,102.86,102.51,102.17,104.7,104.58,104.46,104.35,112.26,111.46,111.33,111.05,110.8,110.8,109.84,109.32,109.19,108.12,107.0,103.48,102.31,102.2,102.09,102.09,101.97,102.2,101.64,101.64,98.62,94.59,93.48,93.28,98.45,103.69,100.54,101.58,107.71,109.24,113.48,111.8,117.65,116.1,118.2,127.1,123.01,123.39,130.26,133.96,127.24,131.11,129.36,133.36,127.53,122.07,121.64,121.39,123.8,130.89,126.01,115.25,114.1,118.01,113.47,106.21,101.71,102.03,103.8,104.85,111.29,115.8,113.08,112.14,114.74,116.5,117.08,119.17,115.56,119.66,121.35,126.46,119.49,114.73,112.52,112.72,115.37,124.34,116.25,114.33,112.51,114.79,118.16,123.36,124.69,131.78,136.11,129.57,130.81,130.82,134.76,130.81,125.73,120.5,127.4,128.83,136.11,136.93,136.41,141.88,146.65,168.44,155.0,135.98,134.5,138.48,139.39,133.49,153.18,158.11,154.11,155.44,159.55,139.42,130.88,128.54,133.24,131.29,128.44,144.78,149.62,153.54,155.26,152.37,145.96,143.09,141.66,144.14,150.1,150.37,149.19,154.74,157.27,171.11,180.06,185.34,172.34,176.98,158.78,125.81,111.03,110.2,117.99,118.99,122.25,129.88,138.46,139.71,137.56,138.45,131.74,140.02,137.49,138.15,136.77,142.3,142.42,141.04,134.77,135.7,136.2,133.71,138.01,140.38,144.34,148.16,148.66,156.47,165.44,166.46,159.71,158.71,159.41,159.85,156.79,154.25,151.49,152.66,159.98,165.25,170.2,161.89,154.84,149.43,156.95,162.19,159.89,152.62,149.88,151.31,159.45,156.26,151.3,147.84,150.45,154.95,156.61,157.3,148.07,149.01,152.77,154.64,157.54,157.75,158.99,161.07,160.8,157.9,153.83,154.28,148.94,136.54,122.48,111.58,123.99,130.91,126.36,134.97,141.56,139.74,130.45,122.64,118.21,118.0,112.08,106.28,102.67,101.89,115.63,118.45,142.98,137.99,139.13,144.12,147.51,144.46,146.6,153.99,146.6,142.22,149.84,145.25,127.31,125.54,129.83,140.13,133.57,140.28,130.44,132.48,133.83,134.06,143.73,150.3,147.01,147.01,144.18,142.87,142.44,128.96,119.01,116.41,122.34,132.34,141.4,140.45,128.87,137.05,131.81,129.77,129.18,129.94,129.36,131.16,127.37,108.39,87.36,98.24,109.59,114.26,113.64,113.29,116.88,118.25,123.35,131.1,137.1,148.11,146.84,148.71,149.83,157.73,155.31,156.59,162.2,160.42,152.54,159.2
Charlottetown,https://cdn.britannica.com/20/3620-050-0BFC3900/Flag-Prince-Edward-Island.jpg, PEI,103.72,103.42,103.4,106.03,106.24,106.95,108.58,108.63,108.35,107.58,106.91,119.08,128.82,127.4,120.38,113.3,107.12,105.9,104.37,104.07,105.55,107.26,106.87,107.56,107.83,107.7,106.66,104.62,104.72,104.12,104.12,105.38,105.08,105.13,105.01,104.76,101.08,100.72,100.72,96.34,95.37,94.86,95.77,95.55,95.44,95.04,94.93,94.76,89.45,89.85,89.85,90.53,92.17,92.07,93.62,95.27,96.51,98.32,97.81,97.13,96.91,96.46,99.08,98.69,99.02,99.85,100.4,100.35,99.9,99.73,98.13,95.81,95.53,95.42,96.15,97.24,97.52,98.01,96.37,96.1,95.99,95.67,99.73,99.19,101.5,101.39,101.93,102.57,99.99,97.29,95.09,94.88,94.08,94.08,95.47,95.2,96.44,95.64,90.84,89.98,83.65,83.55,83.87,83.14,80.13,79.05,80.8,80.8,78.88,78.72,76.02,75.45,76.94,77.73,82.58,83.95,87.73,88.26,95.16,94.86,98.11,97.8,100.51,101.25,104.93,106.41,106.07,113.51,110.76,113.17,117.25,115.06,119.36,105.7,105.34,108.46,110.9,113.12,113.17,108.31,102.76,105.15,101.12,92.61,88.22,87.95,88.48,95.47,103.63,100.35,98.34,102.44,104.79,106.29,109.42,106.22,103.58,110.3,117.27,116.22,104.89,97.99,97.8,100.49,108.07,105.77,100.05,96.62,96.52,102.43,107.91,116.84,120.51,130.27,123.18,121.63,121.79,121.46,124.89,116.92,110.72,114.19,118.54,127.21,133.23,128.89,133.29,135.79,163.46,151.36,129.63,127.76,133.39,133.48,125.58,148.64,154.51,147.3,154.11,155.29,131.0,120.06,119.62,128.07,125.21,121.86,140.85,145.44,148.31,144.65,140.6,133.26,133.05,129.55,133.49,138.45,139.87,138.45,143.5,146.6,162.3,172.71,174.23,163.0,164.24,142.27,111.67,94.28,95.72,107.77,106.46,110.59,117.12,130.84,126.2,129.03,126.88,121.71,129.41,123.61,127.83,125.59,130.83,130.83,128.7,123.22,123.96,123.19,121.73,125.22,127.01,130.91,134.01,136.46,145.33,150.94,153.47,150.09,147.16,147.03,148.0,144.62,142.33,140.15,141.86,147.38,153.37,160.28,150.86,144.62,140.05,146.66,156.94,156.31,144.03,143.19,143.31,151.75,151.87,154.87,150.82,153.54,157.92,161.82,161.21,151.5,151.61,153.36,155.11,158.83,161.15,160.62,162.35,161.27,158.6,155.57,154.28,150.21,136.2,121.78,106.57,116.33,123.98,121.84,130.24,136.39,136.53,130.45,118.85,114.77,112.16,111.51,106.39,99.23,100.63,113.8,117.2,118.62,111.57,109.22,113.57,119.18,116.65,118.66,126.44,118.67,117.5,123.53,119.79,118.67,114.68,119.44,127.98,120.1,127.89,123.26,126.98,126.91,128.35,135.5,143.95,142.31,140.47,138.08,137.75,135.17,121.34,112.29,106.32,107.95,120.16,135.17,137.88,124.58,131.49,124.66,123.36,122.04,121.84,120.66,120.55,117.62,96.42,79.08,88.69,100.97,106.26,105.97,105.0,105.54,101.15,107.01,114.61,120.86,131.16,131.24,134.2,135.26,140.97,139.77,140.0,145.7,144.69,135.34,143.5
Halifax,https://cdn.britannica.com/05/3105-004-7D8B6ACF/Flag-of-Nova-Scotia.jpg, NS,111.7,110.97,110.54,110.54,109.98,109.55,109.14,109.0,108.72,107.76,107.09,107.22,104.48,104.48,104.1,104.1,103.59,103.09,102.97,102.85,103.09,103.22,102.85,103.34,103.09,102.97,102.48,102.36,101.94,101.87,101.87,100.71,100.24,99.78,98.8,96.33,89.58,87.04,84.14,84.72,87.52,88.38,91.34,88.07,87.11,87.42,80.55,80.21,82.17,79.08,83.01,82.67,91.83,91.55,92.59,94.25,94.14,88.98,91.38,88.53,86.48,84.91,92.07,89.52,96.36,95.2,94.92,91.21,84.96,88.95,89.18,90.34,90.23,88.15,77.71,85.58,99.81,93.42,85.22,82.67,89.12,94.2,95.83,94.65,93.73,93.63,93.53,99.34,97.89,96.65,95.58,99.55,104.37,100.03,99.33,99.22,96.44,95.48,91.96,90.78,90.68,90.58,90.58,90.48,90.68,90.19,90.19,85.89,83.96,82.37,82.19,90.26,94.25,94.25,93.42,102.71,104.87,104.14,104.03,107.42,107.88,109.39,117.88,112.52,114.01,120.32,120.1,113.97,118.96,121.04,122.97,114.76,113.19,113.22,112.39,116.5,121.56,114.31,106.79,106.53,110.46,100.99,93.94,92.31,91.79,95.06,98.95,110.26,108.76,107.96,108.8,112.71,112.6,113.48,112.0,109.38,117.39,120.21,121.37,110.38,101.6,103.83,108.6,115.65,114.44,106.48,102.74,103.93,109.45,114.09,119.0,119.08,133.59,128.88,127.21,126.22,123.46,127.7,120.34,112.92,115.13,120.25,125.94,132.55,128.29,130.26,136.97,145.84,161.44,146.37,125.04,131.26,137.81,125.69,135.77,153.45,149.57,148.77,153.57,156.09,128.32,122.86,120.15,128.73,126.13,123.7,142.16,146.61,150.93,146.09,147.4,134.97,138.79,133.72,140.9,143.76,147.13,143.24,150.09,154.7,167.28,176.89,179.54,165.4,167.9,146.21,114.6,99.39,99.7,110.46,110.3,114.82,123.12,133.76,129.51,132.08,129.55,125.01,133.83,127.77,132.61,129.23,135.24,134.61,132.73,125.98,130.21,130.69,127.47,134.41,134.56,140.65,143.36,143.11,153.28,161.78,162.21,154.23,155.67,153.83,155.61,152.33,150.76,146.54,153.37,158.66,164.65,170.56,157.69,150.03,149.67,155.88,165.9,162.63,150.47,147.49,151.91,163.01,160.65,154.16,150.47,153.54,158.28,159.93,159.78,149.61,149.37,154.07,155.58,159.3,161.85,158.64,162.01,160.57,158.83,153.83,154.16,151.25,136.54,122.6,106.68,116.21,125.13,125.32,133.24,137.54,135.15,126.79,116.79,112.6,113.42,110.82,106.96,98.66,99.61,114.26,116.63,120.09,109.98,108.65,115.5,118.84,116.54,119.67,125.21,117.1,115.93,125.54,119.34,115.75,115.13,119.0,128.98,118.76,128.22,123.59,126.87,125.37,125.17,136.26,142.96,137.38,137.53,134.93,134.48,133.11,117.43,108.38,107.4,111.63,125.66,137.1,134.77,118.9,128.08,121.99,120.26,120.33,121.1,119.17,119.28,113.91,91.29,72.96,83.96,95.64,102.43,100.86,100.11,99.71,96.08,101.74,112.93,120.96,130.74,130.1,132.23,133.51,139.22,137.11,137.55,144.18,141.97,131.42,141.4
Saint John,https://cdn.britannica.com/89/2989-004-FBC3402E/Flag-New-Brunswick.jpg, NB,106.57,105.88,105.47,105.47,104.93,104.52,104.12,103.99,103.73,102.81,102.17,102.3,99.68,99.68,99.32,99.32,98.84,98.36,98.24,98.12,98.36,98.48,98.12,98.6,98.36,98.24,97.77,97.66,97.42,97.19,97.19,97.08,96.96,96.85,96.73,95.13,93.7,93.2,93.2,92.92,93.32,93.49,94.92,94.36,93.91,92.33,92.23,91.21,85.22,85.92,85.92,86.43,93.88,93.77,93.45,93.23,94.82,94.93,94.6,92.24,90.68,90.27,93.23,92.85,98.02,98.02,97.91,95.69,91.1,90.27,89.34,91.33,88.58,83.85,85.44,90.18,92.44,91.12,86.37,92.49,90.59,93.71,95.35,93.84,94.7,95.09,94.82,101.44,98.37,94.87,94.61,94.4,105.66,98.42,96.11,95.85,95.32,93.4,89.72,83.9,87.8,87.23,86.75,84.1,84.77,90.51,90.19,86.85,78.72,80.79,79.5,91.04,92.68,93.3,94.67,100.52,101.29,99.94,97.5,103.23,98.89,105.99,113.12,109.74,110.31,117.11,115.07,106.95,113.95,114.68,121.02,116.41,107.92,107.36,104.74,112.03,119.05,112.24,102.03,102.52,103.2,98.62,90.8,91.42,94.01,93.73,101.16,107.77,107.15,106.2,106.48,109.24,109.71,111.04,111.14,109.53,117.24,123.33,123.49,111.66,103.17,104.97,106.75,115.09,116.98,107.47,105.0,105.2,110.57,114.51,117.32,118.66,131.51,132.21,125.4,127.05,124.01,129.08,124.2,115.13,115.13,121.35,126.63,131.32,130.76,128.89,136.83,145.84,158.88,144.62,129.63,129.92,135.53,129.32,134.16,153.05,148.9,148.64,150.5,153.82,130.33,116.85,115.76,120.11,120.98,115.93,132.73,137.21,142.69,141.12,139.68,131.04,131.61,127.86,133.49,136.9,138.44,136.38,142.73,146.09,160.64,170.17,173.22,158.83,162.23,143.41,112.68,95.94,94.83,104.97,104.93,109.05,115.97,126.9,123.77,125.34,123.58,118.16,125.75,122.97,125.95,122.69,128.31,128.43,127.31,120.96,122.21,122.56,119.98,124.35,126.14,131.15,134.87,134.74,143.99,156.05,154.44,150.94,151.29,151.89,152.71,149.68,148.23,145.22,148.58,153.26,159.01,164.82,155.53,148.83,144.98,150.37,160.64,157.74,144.86,143.79,145.94,155.42,155.9,150.82,146.18,148.55,152.11,154.83,155.52,146.41,144.64,147.7,150.05,153.32,157.64,156.77,157.93,153.48,154.53,147.91,149.76,147.2,133.76,121.9,105.75,110.87,119.59,122.54,130.36,134.78,133.66,125.3,118.17,111.79,111.94,110.93,105.82,99.46,98.35,110.27,113.9,118.85,111.91,110.12,115.72,118.28,118.35,118.99,124.65,119.34,116.72,124.65,120.69,117.88,114.34,119.67,128.31,119.65,127.78,124.14,125.66,125.15,125.06,134.84,141.31,137.6,138.29,137.65,138.3,137.01,123.3,114.24,110.77,112.6,123.5,139.68,139.59,127.8,132.45,128.18,125.92,125.88,126.64,125.64,125.01,120.06,101.98,78.87,88.9,98.73,104.67,103.2,103.08,102.57,99.56,104.16,111.45,117.71,128.76,130.83,133.37,134.54,139.63,139.36,140.2,144.89,147.21,140.37,142.2
Québec,https://cdn.britannica.com/72/3672-050-F722B733/Flag-Quebec.jpg, QC,110.75,111.16,111.86,113.36,112.97,114.59,113.78,113.82,115.75,122.24,123.48,128.74,128.46,119.76,112.24,109.23,109.41,110.81,110.68,111.07,115.72,115.86,110.72,103.52,112.74,108.57,98.47,104.62,106.8,108.63,108.97,107.46,105.78,103.23,102.77,103.9,102.11,99.01,99.87,99.58,100.83,104.07,104.8,102.86,100.87,98.6,98.49,95.61,91.49,92.75,94.12,95.65,97.65,101.12,101.45,103.08,97.87,90.85,97.47,94.27,93.88,95.46,96.91,100.36,102.84,102.34,95.42,90.88,95.58,94.59,94.15,99.12,95.7,96.25,94.17,101.84,112.1,107.51,91.29,96.75,95.17,100.72,101.03,99.67,102.48,104.46,101.28,97.08,98.05,95.84,93.32,100.99,102.44,99.38,95.79,95.36,91.48,92.44,87.0,86.78,89.4,88.35,85.63,85.54,88.92,90.03,89.07,82.39,86.02,85.23,89.8,95.61,94.41,90.0,96.71,107.09,99.26,107.25,104.03,101.37,99.2,107.23,113.73,104.34,106.01,115.43,112.48,108.32,114.55,111.51,115.3,110.25,115.6,115.78,117.64,122.01,125.41,116.53,102.63,106.68,111.2,107.38,94.99,86.5,90.3,94.02,105.0,110.12,110.52,107.23,105.75,109.09,110.29,110.89,106.55,100.91,110.84,121.49,122.64,111.38,102.03,105.11,106.89,117.21,113.02,108.04,101.33,103.93,109.31,115.77,120.13,117.26,134.29,128.18,126.1,122.74,121.51,126.59,120.47,111.96,114.58,118.18,127.18,128.86,127.88,130.12,138.33,143.66,160.1,145.16,127.74,130.73,137.4,129.45,133.22,151.58,147.97,145.3,153.57,153.02,124.85,117.12,118.16,128.47,123.49,124.23,140.59,141.65,150.53,145.05,148.19,139.81,134.87,134.11,139.6,147.38,149.46,149.06,151.12,154.06,172.9,183.11,179.92,163.63,169.16,148.88,116.0,101.95,106.74,115.18,115.03,115.59,126.05,135.28,130.4,134.25,130.7,126.54,128.66,127.27,133.75,128.73,136.63,133.22,134.74,128.12,129.96,132.07,126.97,133.41,138.15,142.13,143.85,146.07,153.04,163.97,164.88,158.86,160.54,157.1,157.55,157.63,153.29,150.77,156.97,159.74,164.41,168.53,164.17,156.88,157.24,164.02,168.41,167.16,155.37,149.88,156.8,165.02,164.21,160.23,157.97,157.82,163.85,165.02,168.31,154.11,154.92,156.78,158.52,157.19,157.52,161.09,163.4,163.59,162.31,156.61,161.23,152.88,136.08,128.29,112.97,117.72,129.41,129.02,136.59,138.23,140.66,132.29,128.38,118.78,119.6,116.99,111.87,103.12,109.99,115.85,117.99,121.23,113.27,114.66,117.08,119.74,117.89,119.67,124.31,119.34,117.95,128.79,125.51,120.46,119.27,126.59,135.44,123.88,132.65,126.02,130.83,131.09,135.49,144.49,149.76,144.17,142.32,142.65,143.74,138.43,125.15,117.93,115.97,115.95,131.37,140.33,142.06,131.01,135.98,126.69,125.28,122.78,124.29,123.52,122.14,120.16,105.93,87.14,100.39,110.55,116.71,115.35,114.46,107.13,108.75,113.02,120.59,126.94,134.3,133.84,138.65,139.19,141.59,143.04,147.23,152.48,155.88,150.63,152.7
Montréal,https://cdn.britannica.com/72/3672-050-F722B733/Flag-Quebec.jpg, QC,112.08,111.35,112.24,113.74,113.53,114.59,114.52,114.37,116.3,123.16,125.3,129.11,128.46,119.4,111.71,109.41,109.05,110.46,110.33,111.07,116.24,116.38,109.84,106.33,110.81,103.67,98.99,104.79,104.02,106.37,106.72,105.04,104.74,101.68,102.59,104.42,100.91,98.5,99.36,98.22,100.15,104.75,101.9,94.53,97.13,93.86,95.27,89.52,86.74,90.87,93.43,93.94,90.29,98.73,96.0,101.38,97.36,89.66,96.96,90.39,92.53,92.28,90.39,97.36,101.18,97.19,95.58,94.03,96.41,89.28,90.34,98.46,99.51,97.41,97.96,97.74,110.63,104.73,94.4,95.61,93.86,100.39,97.3,101.29,102.15,103.82,99.18,97.4,97.73,99.23,96.22,102.92,106.94,101.96,94.83,96.17,96.6,93.72,86.2,90.78,92.44,90.9,90.9,87.13,87.48,89.55,88.44,83.98,88.56,82.85,91.85,96.4,97.24,95.35,100.17,105.21,107.68,108.5,105.43,107.26,106.64,114.03,120.8,110.66,115.39,124.91,121.01,118.7,123.37,123.31,121.32,113.86,116.05,116.38,114.19,121.12,125.12,111.79,102.48,109.05,111.64,103.07,92.6,95.29,94.16,97.13,103.52,106.9,101.14,99.77,106.77,108.95,106.67,111.47,104.83,105.79,112.69,121.49,119.95,106.82,101.18,103.68,105.76,113.39,108.64,105.63,102.32,103.37,110.43,113.1,115.35,115.3,133.45,125.54,121.23,122.46,120.95,129.08,116.48,109.34,115.27,117.22,125.4,129.4,123.22,131.9,134.92,145.84,159.42,141.79,125.04,124.65,135.26,123.54,131.75,149.31,143.3,141.96,152.24,150.09,122.58,118.19,121.22,125.02,119.26,123.3,139.8,143.87,149.62,137.58,140.47,134.44,134.87,133.2,137.78,142.21,147.13,148.03,148.93,159.2,173.67,181.08,181.18,161.99,164.62,141.0,111.28,101.18,108.15,113.27,115.79,114.05,128.86,133.76,127.6,132.72,131.08,127.55,132.7,127.27,132.99,130.99,138.26,137.89,134.24,130.75,129.58,127.69,132.47,136.14,142.98,144.59,148.65,149.27,159.52,168.97,165.37,160.93,161.88,161.47,158.27,157.99,156.9,154.38,160.21,164.66,168.12,171.52,162.85,159.04,160.49,165.81,168.41,166.68,159.18,154.66,156.32,169.29,164.09,159.52,161.9,163.88,168.6,166.33,164.4,156.48,157.53,160.67,161.58,160.94,165.36,167.85,166.2,168.36,166.15,161.84,160.77,154.5,144.89,134.55,119.15,130.03,136.8,136.2,144.2,149.26,145.59,137.33,130.44,128.06,126.93,124.66,117.02,112.28,111.47,124.63,126.74,125.53,120.42,122.59,125.56,130.69,125.69,132.18,130.47,126.74,127.05,139.43,133.47,127.87,128.45,132.18,139.23,132.9,140.28,135.75,140.52,140.1,142.74,151.3,156.44,152.92,149.95,150.49,152.45,142.99,127.22,122.05,121.62,122.88,136.11,146.13,147.74,137.77,142.39,133.63,132.44,131.74,131.53,131.06,129.57,127.26,106.15,91.87,104.15,112.47,117.88,116.41,113.29,111.69,110.65,114.6,121.22,128.4,135.03,133.64,138.65,140.95,143.64,144.37,145.9,153.5,153.36,149.12,155.5
Ottawa,https://cdn.britannica.com/25/3225-050-700EE1AD/Flag-Ontario.jpg, ON,106.38,106.07,105.84,106.22,105.67,106.01,106.54,106.22,108.54,114.91,120.02,120.17,117.8,111.05,103.74,98.43,100.77,103.09,104.9,104.6,104.15,103.39,99.35,99.83,101.52,100.52,98.64,99.05,98.81,101.7,100.83,100.19,99.73,98.05,97.25,96.33,95.59,94.06,93.37,93.09,92.3,95.37,93.9,90.79,94.93,90.81,89.01,85.46,83.35,85.23,87.11,88.48,89.1,91.55,93.96,95.44,91.25,87.79,91.38,87.69,87.99,88.93,89.89,93.02,96.36,94.36,90.44,89.88,91.27,88.78,78.57,85.53,85.1,86.0,86.93,93.96,97.19,90.8,89.32,88.73,91.25,90.13,91.61,91.41,92.6,91.85,91.59,87.06,87.55,85.68,86.71,95.69,96.01,90.7,88.55,89.9,89.56,84.29,80.93,82.3,85.72,82.44,82.12,80.91,76.45,81.28,81.28,76.51,77.45,74.6,81.09,86.0,81.35,83.55,86.2,97.55,96.77,96.2,95.94,99.98,97.19,99.97,110.66,98.93,105.7,108.4,105.01,103.13,111.82,106.82,110.78,105.14,106.11,101.94,99.03,106.22,110.9,101.87,93.42,99.26,102.91,91.04,85.27,82.17,83.17,85.88,92.61,96.5,94.25,94.35,96.75,99.4,101.18,103.13,102.68,101.77,105.86,112.0,109.35,96.28,93.47,92.86,97.09,107.01,101.0,97.56,91.29,91.55,97.51,102.14,103.69,106.19,121.76,113.03,113.03,112.44,104.13,110.94,106.0,99.29,105.76,108.0,113.05,119.13,113.63,119.05,124.96,132.53,146.37,130.87,115.59,116.16,122.96,113.61,119.4,134.35,126.09,130.88,140.36,137.44,114.15,111.51,110.57,116.27,109.08,117.64,130.37,133.02,139.3,135.23,132.36,126.06,126.92,123.83,131.81,132.37,134.94,135.48,138.34,146.34,158.21,164.72,164.39,152.01,151.25,129.82,100.45,88.9,95.08,98.07,103.27,103.67,113.93,119.91,114.09,119.23,115.06,116.26,119.56,115.27,119.78,119.3,123.9,123.77,120.89,118.57,126.71,125.31,126.22,132.05,134.56,137.19,140.65,140.4,148.02,155.69,155.78,152.28,154.58,152.37,151.26,148.59,143.77,141.84,146.06,148.82,151.46,156.1,150.5,143.18,145.1,149.29,151.92,148.8,145.58,141.52,143.31,152.1,150.8,146.89,145.82,150.81,154.48,154.0,153.63,146.77,145.82,148.29,147.23,150.86,152.14,155.26,156.3,159.64,156.39,148.72,146.28,139.8,128.66,113.66,103.19,114.01,120.05,119.41,126.67,132.83,136.41,126.79,116.67,112.48,115.03,109.79,99.3,97.4,103.37,113.69,118.67,118.85,114.41,112.5,111.76,117.03,111.9,115.28,124.09,118.11,109.64,129.46,125.96,119.23,116.81,116.76,131.43,127.89,134.86,133.32,137.0,131.42,138.12,146.58,150.09,140.34,141.12,138.63,134.05,128.22,115.69,108.16,104.69,103.95,119.51,135.17,136.92,127.69,133.95,125.83,124.21,122.78,120.99,120.02,118.43,114.86,90.11,84.13,97.38,105.87,110.53,110.02,107.44,106.07,104.21,108.8,116.5,123.37,128.76,130.41,134.61,135.68,138.5,138.75,138.78,145.29,143.78,136.75,144.3
Toronto,https://cdn.britannica.com/25/3225-050-700EE1AD/Flag-Ontario.jpg, ON,92.13,95.88,99.83,97.2,100.81,102.85,103.75,103.62,104.47,110.15,117.11,113.24,100.04,91.86,92.94,88.87,95.84,100.64,99.64,96.03,97.48,90.23,93.05,90.16,91.0,85.81,84.7,84.95,89.43,91.99,98.06,93.96,91.78,93.39,95.7,90.31,91.13,90.12,87.04,87.62,88.72,91.11,85.2,85.35,88.3,86.74,83.93,80.04,78.27,83.53,83.01,84.38,86.36,88.14,89.87,88.98,84.64,82.87,86.47,80.78,82.1,84.41,83.38,87.19,93.53,94.7,90.11,85.23,88.61,86.62,83.21,86.36,87.75,85.67,90.88,95.27,97.68,92.76,91.45,91.02,92.23,92.41,93.56,92.7,91.79,92.98,90.94,89.81,90.78,89.71,87.52,95.53,91.83,91.67,88.71,85.07,82.21,83.81,80.45,81.5,83.49,84.51,81.8,82.03,82.69,84.94,83.03,78.26,79.67,77.14,82.99,87.42,87.95,83.86,88.86,97.55,99.11,98.38,98.12,100.6,98.42,103.67,112.35,103.26,108.93,115.89,109.73,105.58,113.04,110.45,111.53,105.14,105.96,104.65,100.98,112.33,116.68,102.46,95.65,96.14,105.43,95.35,89.9,86.35,87.03,89.14,96.59,101.18,98.06,97.28,100.23,101.72,102.19,102.41,100.38,100.05,104.3,110.73,108.64,100.98,91.62,93.72,93.53,107.57,103.55,100.25,96.52,95.35,102.29,103.55,100.04,101.99,118.56,110.53,106.08,108.82,109.41,113.01,106.55,99.84,107.42,108.69,114.97,119.96,115.41,120.41,122.92,132.94,144.22,131.01,117.07,119.39,128.17,114.81,122.22,137.55,130.62,135.68,141.03,137.58,111.35,111.38,110.17,116.0,105.9,117.64,132.47,132.11,137.86,133.92,132.1,125.41,126.79,122.91,129.73,130.17,132.87,133.02,137.05,146.6,159.11,165.61,166.66,156.43,156.04,134.52,105.42,94.92,101.11,104.2,108.25,109.18,120.44,125.5,119.7,125.09,121.16,121.33,123.86,119.19,124.44,122.82,126.79,126.92,123.66,119.95,129.08,127.57,126.1,131.8,134.31,135.72,139.79,141.39,148.02,159.59,162.09,157.76,157.62,154.56,151.5,149.68,145.7,142.44,146.42,151.58,157.21,162.07,154.57,147.98,150.99,153.96,155.98,150.59,145.82,143.91,146.18,155.07,154.24,150.23,149.39,152.24,156.26,155.54,154.7,147.83,147.36,150.06,148.88,153.08,153.89,157.36,158.16,163.24,158.83,153.25,150.8,143.27,133.07,120.51,105.98,117.72,121.9,121.84,129.9,135.7,138.71,129.54,120.69,115.46,117.89,114.82,109.36,102.78,105.54,116.54,120.49,120.21,116.11,114.54,114.14,118.95,114.62,117.98,126.33,120.91,120.87,129.91,125.62,120.35,122.63,125.7,131.77,127.89,135.19,133.76,137.11,135.81,138.45,146.69,150.52,147.34,147.77,145.37,140.8,134.63,121.45,114.46,111.09,110.44,124.79,136.14,136.81,127.47,133.84,126.58,124.75,124.6,123.97,123.1,121.61,117.62,92.04,84.99,97.92,106.4,111.17,110.66,108.19,106.71,104.84,109.22,116.5,123.79,129.49,130.93,134.92,137.02,140.25,140.28,140.41,147.12,145.5,138.46,146.1
Thunder Bay,https://cdn.britannica.com/25/3225-050-700EE1AD/Flag-Ontario.jpg, ON,107.14,106.63,106.22,109.98,109.23,107.88,107.09,106.96,109.09,115.09,121.3,120.72,116.92,111.05,105.16,100.56,100.77,101.69,101.57,100.4,102.04,102.17,100.57,99.48,102.39,100.87,97.77,97.48,97.25,98.75,100.31,100.19,99.03,97.88,100.01,99.6,99.36,98.33,96.45,95.14,96.39,99.81,97.99,96.74,95.27,94.03,93.58,92.4,91.32,94.12,92.24,92.07,94.23,98.22,97.87,101.04,100.92,99.17,94.26,91.74,87.15,87.75,92.9,96.02,101.01,104.17,98.41,96.03,93.43,96.25,92.33,85.7,93.71,91.46,94.01,102.99,106.53,104.89,102.6,100.19,98.61,100.72,103.63,103.4,103.12,103.01,102.89,102.25,99.83,104.39,95.9,103.41,104.85,100.03,96.44,95.53,91.64,89.24,84.93,87.42,84.45,91.06,85.47,83.94,86.2,84.46,87.17,79.53,80.47,78.09,81.56,84.11,89.37,86.85,93.57,95.52,101.6,99.16,97.96,104.16,100.9,103.21,113.89,107.11,110.78,118.03,115.07,108.02,117.9,112.26,112.44,111.0,106.26,109.01,106.69,113.97,120.38,121.12,107.53,109.2,121.86,101.44,92.45,86.94,94.61,89.43,99.84,105.28,105.39,107.96,106.33,108.08,107.25,108.59,106.41,100.91,107.43,116.25,115.29,107.96,103.46,108.24,106.61,113.81,116.42,108.6,103.59,100.84,104.53,95.54,112.54,107.87,129.97,128.04,120.81,117.31,114.42,122.02,117.03,113.61,111.13,121.62,124.71,126.94,123.5,125.06,129.06,139.05,155.52,143.54,120.31,116.02,122.55,115.35,127.59,134.21,134.89,140.89,151.84,153.69,132.07,122.73,122.15,120.38,126.26,122.25,135.09,141.13,146.09,148.71,149.36,143.74,145.96,133.07,135.83,138.84,136.63,138.2,146.09,153.54,166.77,174.36,177.14,166.41,171.69,150.91,122.5,111.03,107.9,113.9,111.32,113.02,125.29,136.43,136.14,135.14,133.11,125.52,127.52,122.09,129.22,129.11,126.42,133.73,137.51,132.76,135.83,135.19,132.22,133.54,137.16,148.04,146.56,147.3,156.95,161.29,173.14,168.36,158.11,161.59,161.18,157.87,149.55,142.56,146.42,151.94,159.25,166.86,165.73,162.53,159.77,158.99,162.79,164.06,157.63,153.22,146.89,151.51,158.51,159.16,161.31,166.14,163.97,161.82,160.14,156.48,154.45,152.89,152.52,153.08,158.46,166.33,165.03,168.12,166.96,162.07,160.19,156.58,145.24,130.49,114.25,123.41,127.44,123.46,129.09,136.51,140.54,148.11,138.7,135.85,133.68,124.2,111.99,99.69,112.84,118.02,123.56,139.92,134.47,130.29,124.89,122.11,117.89,116.85,129.8,125.17,124.36,133.27,131.68,127.87,125.99,125.81,138.57,133.34,146.47,140.39,136.45,134.82,135.71,148.55,155.35,153.91,157.47,158.1,157.79,154.49,146.46,135.07,128.23,126.23,133.52,150.64,155.66,149.99,145.17,142.82,140.46,139.3,136.97,135.72,135.41,133.51,118.55,91.22,107.48,119.07,125.45,123.76,123.7,122.92,119.62,120.82,127.53,131.34,139.01,144.04,143.52,144.67,150.33,149.99,149.47,155.62,155.08,144.59,149.9
Winnipeg,https://cdn.britannica.com/07/2307-050-B06EE365/Flag-Manitoba.jpg, MB,98.4,97.76,99.26,97.57,99.5,98.93,92.62,99.91,102.43,113.44,115.47,118.16,114.43,101.1,90.29,85.51,88.62,84.51,94.39,95.5,94.33,82.15,94.63,91.04,87.49,80.38,73.9,81.47,75.72,86.45,92.51,93.27,91.08,84.07,91.9,92.72,92.5,92.17,88.75,89.5,90.42,90.25,90.15,89.77,86.44,86.06,84.44,84.44,82.85,83.53,83.53,84.21,85.68,88.65,93.45,93.74,95.66,93.23,92.73,89.21,89.0,88.42,90.73,90.69,97.19,94.7,94.26,91.21,89.61,89.44,88.35,87.69,87.59,87.49,92.03,93.46,97.84,94.73,93.75,92.99,94.68,94.36,91.94,97.08,94.06,95.41,94.66,90.62,93.53,95.52,91.55,90.38,94.72,93.27,90.0,86.36,85.88,81.41,84.29,83.1,86.2,86.11,86.11,86.02,86.2,85.73,85.73,84.46,83.64,81.74,79.18,86.47,88.9,88.9,89.18,94.74,97.39,97.13,93.92,96.87,95.95,98.58,105.74,101.25,98.16,103.04,102.42,97.34,108.17,103.79,106.26,101.09,94.67,101.79,96.93,94.45,106.46,111.94,97.13,98.37,109.28,96.39,81.08,74.12,77.53,80.4,90.84,98.11,94.54,95.96,99.07,99.4,97.57,90.04,93.93,86.85,95.47,106.05,107.22,99.27,90.9,90.3,95.52,97.51,102.7,91.61,87.76,85.79,89.22,96.95,96.38,97.23,119.12,118.45,110.8,111.19,109.27,112.6,111.79,108.38,105.49,110.34,115.38,122.01,119.93,119.87,126.19,133.48,143.55,137.61,120.58,116.02,118.27,113.07,122.89,139.96,141.03,140.22,147.7,151.16,123.64,117.92,116.16,115.47,115.03,115.93,128.8,133.02,146.48,145.44,147.01,136.54,139.18,130.86,131.03,133.92,137.66,138.32,143.25,152.9,161.79,168.91,171.2,163.12,169.79,148.49,116.51,101.44,106.23,110.33,111.06,114.69,120.57,130.71,127.22,126.87,127.39,121.71,124.36,121.21,124.44,124.33,124.4,124.53,124.42,119.95,117.33,121.69,123.48,119.02,118.34,121.29,130.56,133.01,139.83,145.94,153.23,145.33,140.11,141.21,138.32,139.92,136.31,128.09,129.51,130.34,140.66,147.25,146.42,146.54,146.54,145.94,149.41,149.99,137.7,130.17,125.41,135.27,146.06,146.3,147.13,160.2,156.02,152.34,148.54,137.88,132.22,126.25,129.47,130.93,146.17,147.91,148.84,149.88,145.7,142.91,141.99,133.78,123.91,106.92,95.97,104.14,110.92,108.52,112.82,123.87,119.33,124.61,113.81,118.67,112.62,99.04,95.08,85.5,96.98,102.87,107.66,127.69,108.28,107.63,107.24,111.96,99.58,103.33,114.12,108.01,105.82,113.89,104.65,102.63,98.1,100.67,111.7,110.97,120.48,113.97,117.84,114.49,117.37,132.86,137.15,137.16,134.48,128.4,126.97,120.84,111.34,103.61,97.53,105.46,116.82,134.42,131.34,121.26,122.52,115.04,115.66,118.2,113.96,109.62,107.82,108.61,90.33,72.74,91.48,101.71,106.48,104.16,102.77,107.13,101.25,100.89,108.09,114.46,121.22,127.6,132.44,131.34,135.21,134.76,134.19,142.97,139.85,131.42,138.5
Regina,https://cdn.britannica.com/18/3918-004-9D01BB0E/Flag-Saskatchewan.jpg, SK,96.88,96.25,103.21,103.21,102.68,102.29,103.75,101.4,100.03,107.58,97.25,105.58,98.26,81.91,79.31,79.49,85.45,69.26,92.11,87.8,77.85,83.21,84.83,82.08,88.19,80.91,78.6,74.16,90.3,83.16,83.5,85.31,86.42,90.8,92.77,94.61,97.48,90.29,83.79,87.97,91.96,91.62,91.51,91.64,91.53,91.49,92.9,92.9,91.32,90.36,90.36,91.04,92.17,97.19,96.85,99.17,101.6,96.79,96.29,92.58,92.37,93.62,95.57,96.69,101.67,101.34,97.74,97.85,94.42,94.42,89.34,92.66,90.07,92.45,95.32,96.75,99.15,96.53,96.53,96.42,101.22,100.88,98.27,101.29,95.68,97.03,99.83,98.37,95.14,103.1,99.77,96.33,96.33,94.72,93.22,91.5,90.2,88.92,87.48,86.3,91.0,90.9,90.9,86.33,85.24,89.87,90.51,88.6,87.61,86.34,85.36,91.2,93.62,93.62,94.67,100.52,102.69,102.43,98.58,102.15,101.06,102.44,109.74,109.74,106.77,107.63,111.71,110.76,114.55,114.68,113.04,111.15,108.97,111.72,104.44,102.2,114.01,120.08,106.79,107.57,124.23,106.79,96.34,88.43,94.46,91.65,101.9,108.21,105.68,109.13,109.53,111.84,112.31,110.89,109.42,104.65,111.69,118.66,118.26,101.55,100.46,102.69,106.18,114.38,115.15,106.48,99.91,97.46,103.13,106.78,111.56,112.64,125.24,120.26,117.34,117.17,116.78,120.77,117.3,109.76,109.89,117.5,122.93,129.27,122.67,125.33,126.46,135.79,146.51,138.83,120.45,119.12,125.76,119.65,122.76,144.36,146.23,145.43,149.97,156.35,127.25,122.6,118.16,117.73,120.71,120.54,132.6,137.47,151.71,145.83,148.45,140.46,141.92,131.9,135.05,135.48,139.09,139.49,146.73,157.02,166.26,173.98,171.71,165.14,169.42,150.27,116.38,101.18,111.1,114.54,116.18,120.33,124.39,136.05,130.66,132.21,128.03,122.73,126.76,119.56,125.44,124.45,127.42,130.07,132.98,126.99,124.58,124.69,125.72,128.7,128.37,129.92,137.46,137.57,145.7,152.52,160.63,154.71,150.44,148.85,152.11,147.63,145.34,142.32,139.94,139.1,145.22,151.44,151.22,151.11,151.11,150.49,153.11,154.52,141.17,130.17,127.08,139.18,142.97,139.62,147.37,155.92,149.97,146.17,145.23,138.95,136.59,140.16,131.59,139.02,148.74,149.43,151.06,154.07,149.42,145.47,146.63,140.49,125.18,110.76,97.13,108.55,111.96,110.61,117.09,128.92,125.07,129.65,116.9,118.78,115.94,101.21,91.99,82.98,99.15,100.47,107.43,124.29,107.04,109.67,107.47,109.59,100.49,102.88,113.33,104.76,103.8,115.01,107.45,103.41,104.26,107.15,110.92,110.42,122.14,115.19,116.63,113.73,118.69,128.26,135.61,133.88,134.48,132.1,131.33,130.39,118.95,105.45,99.59,110.11,119.84,136.78,132.52,118.68,122.95,116.43,115.66,118.09,115.77,115.14,116.52,111.37,94.5,77.04,94.38,102.99,109.14,107.68,109.25,103.63,103.89,105.22,109.35,115.93,125.93,133.01,131.61,131.23,135.52,134.76,134.19,143.37,144.59,131.52,137.0
Saskatoon,https://cdn.britannica.com/18/3918-004-9D01BB0E/Flag-Saskatchewan.jpg, SK,104.86,104.18,103.78,103.78,103.24,102.85,104.12,104.18,106.69,116.74,115.65,122.36,120.29,101.81,91.7,87.1,92.32,76.97,94.21,93.23,88.02,84.44,94.28,90.16,91.0,83.88,80.0,79.9,89.78,91.65,91.3,89.81,92.47,93.05,92.94,97.88,97.65,96.96,93.88,97.19,97.08,97.08,96.79,95.72,87.11,93.01,92.9,92.9,85.9,89.5,90.36,90.87,92.17,97.19,96.85,99.68,100.24,95.27,97.98,93.25,92.03,87.92,96.08,97.52,103.83,100.01,101.39,99.51,96.08,93.43,92.66,94.15,93.88,94.1,97.96,101.35,103.09,101.45,100.3,98.06,102.37,102.51,100.54,100.32,100.53,101.07,99.99,99.02,96.59,99.88,98.15,97.94,97.94,94.72,93.22,93.11,92.12,90.52,89.4,91.1,91.0,90.9,90.9,90.8,91.0,90.19,88.92,88.76,86.82,83.96,83.78,91.2,93.62,91.1,94.67,99.58,101.13,101.02,98.74,100.6,99.98,103.37,110.2,108.5,106.16,108.85,112.17,110.3,114.86,115.14,113.04,111.15,108.97,111.57,105.94,102.94,115.05,121.27,106.64,107.42,122.01,105.45,96.19,87.84,94.46,91.65,100.57,109.68,108.18,108.98,109.09,112.42,114.04,113.48,110.71,102.21,108.56,112.85,116.7,109.24,104.6,104.4,105.76,114.66,115.43,106.9,99.06,94.09,98.63,108.47,110.86,112.5,126.64,126.24,120.26,118.7,114.28,121.05,114.96,111.55,108.52,116.39,123.47,129.13,121.99,125.47,132.19,137.96,149.2,138.15,124.36,120.88,122.96,121.93,127.86,146.1,146.23,144.23,152.5,155.69,126.72,119.52,115.63,119.85,119.65,121.59,132.34,137.47,151.84,146.09,150.28,139.42,141.53,129.55,134.92,134.96,139.09,138.97,146.6,156.5,165.11,173.6,171.08,165.14,170.55,148.49,117.15,104.0,110.84,116.2,116.69,120.46,124.9,135.54,131.17,131.45,128.15,122.47,125.37,118.55,126.58,124.45,127.3,129.19,132.35,124.47,125.96,124.31,126.97,127.7,123.91,128.69,137.46,137.45,146.31,153.74,160.51,152.64,149.23,148.49,150.29,146.54,141.97,135.21,138.15,138.62,147.38,151.68,151.34,151.35,151.35,150.73,152.87,154.88,144.39,131.85,123.86,139.42,142.73,138.91,149.15,154.85,152.46,146.17,145.23,137.53,133.87,136.62,132.18,138.43,148.63,152.23,150.36,153.25,149.42,146.51,144.08,140.15,125.53,109.59,98.88,109.83,114.62,112.0,115.82,127.89,125.75,133.32,117.59,119.24,114.11,100.18,88.79,84.7,96.3,102.98,108.22,122.13,104.09,109.67,110.07,110.71,97.77,106.37,114.23,105.55,103.8,114.34,107.45,102.52,104.82,107.04,111.37,110.19,120.03,114.53,118.28,113.73,120.12,129.02,134.96,133.99,137.09,133.73,132.63,132.89,124.06,110.01,103.82,109.25,119.51,137.32,137.45,130.26,126.26,118.14,115.66,117.14,108.21,113.76,116.73,113.49,91.08,70.49,92.02,102.78,110.1,108.64,110.1,108.08,102.94,105.43,109.04,115.62,125.2,131.56,129.85,130.72,135.01,134.25,134.09,143.07,144.19,130.42,135.7
Edmonton,https://cdn.britannica.com/40/5440-004-BE91E74F/Flag-Alberta.jpg, AB,91.75,91.35,91.93,96.07,98.94,98.56,98.0,98.06,100.58,111.25,113.28,106.13,112.65,76.94,81.97,77.36,90.03,83.98,91.59,94.1,89.59,88.3,83.26,82.08,85.74,73.2,81.39,76.24,80.06,86.28,87.49,85.14,83.83,80.62,85.18,84.98,84.78,76.44,80.55,78.4,74.04,82.4,77.88,78.38,76.93,78.95,71.07,74.12,71.49,70.71,68.15,78.74,78.49,81.48,81.87,83.55,84.98,76.42,71.92,77.91,75.71,76.53,80.03,84.85,87.05,81.9,82.47,76.26,77.83,76.67,76.41,74.26,71.86,72.6,82.97,83.61,86.53,80.96,82.44,81.53,85.52,81.81,80.57,84.28,82.89,87.32,86.1,83.83,84.48,86.97,85.1,84.27,83.46,83.46,80.34,80.25,77.57,75.01,73.41,77.81,78.21,77.96,75.89,75.16,74.69,73.01,72.69,69.51,68.09,68.09,70.0,77.02,81.66,80.25,80.86,86.45,89.45,89.66,86.46,88.97,88.2,89.15,98.52,96.46,94.77,97.08,99.98,95.35,103.16,104.09,99.19,98.08,94.22,98.19,92.88,91.32,101.87,102.61,90.6,91.69,103.35,84.21,76.29,69.35,70.4,76.7,86.86,95.77,93.66,96.69,98.49,99.54,98.87,97.09,98.09,95.32,97.18,101.81,105.95,96.28,92.19,92.58,93.39,101.62,101.85,92.18,87.34,84.94,90.76,95.96,101.44,104.93,118.01,119.28,107.61,107.15,104.41,109.83,106.69,101.49,101.36,106.49,110.85,118.59,110.75,114.13,120.87,128.18,137.49,123.6,112.08,106.44,113.46,109.44,119.14,133.15,133.69,129.81,141.16,145.7,114.96,104.43,105.52,108.18,108.55,111.71,124.08,129.5,142.83,134.05,138.11,129.21,132.0,120.31,123.23,123.83,130.02,130.04,136.4,144.67,156.04,163.45,164.51,154.54,158.06,136.94,105.8,90.82,97.39,102.92,104.93,105.46,112.15,118.52,114.21,118.34,115.44,111.94,112.49,107.07,113.87,109.24,114.06,115.2,116.86,109.53,110.21,113.06,111.62,112.94,110.05,117.35,122.81,124.15,133.96,139.24,146.67,134.01,132.81,132.6,131.19,131.12,124.39,119.77,121.96,124.7,133.95,139.96,134.19,134.88,130.91,134.93,141.04,136.16,120.4,122.17,109.3,126.97,131.34,126.04,135.81,143.8,137.28,134.79,133.27,126.51,121.81,124.48,120.77,126.12,136.22,137.66,133.24,140.36,136.64,133.97,131.56,127.18,115.56,98.1,84.32,95.66,104.8,108.17,108.9,119.96,118.88,123.35,109.45,112.25,101.98,93.21,83.76,72.22,89.11,95.35,102.21,116.02,97.62,101.29,99.09,106.2,94.72,101.08,113.0,102.85,103.57,116.36,107.79,102.52,104.26,107.93,107.8,109.64,122.47,113.64,118.39,114.27,122.2,134.4,139.78,136.18,142.76,137.32,137.86,130.07,114.93,103.06,99.59,107.3,118.76,127.76,126.2,107.64,112.59,106.71,106.15,104.67,101.29,102.09,104.84,102.15,82.31,67.05,89.44,97.99,101.25,98.2,105.0,97.49,95.23,99.84,105.99,114.25,119.76,124.69,127.88,129.79,136.75,135.27,131.85,140.03,137.13,131.32,133.7
Calgary,https://cdn.britannica.com/40/5440-004-BE91E74F/Flag-Alberta.jpg, AB,90.99,92.29,93.44,97.57,97.07,99.49,98.37,98.99,101.51,112.53,114.37,110.51,112.83,79.78,80.55,75.77,86.86,85.56,92.64,94.63,96.26,89.35,85.18,87.17,80.83,77.05,82.26,74.5,80.4,82.98,89.91,82.19,78.99,79.24,82.76,78.96,85.64,80.89,76.95,78.74,81.72,81.72,81.63,81.44,81.34,79.97,79.03,77.84,73.36,72.94,69.18,78.4,80.55,82.84,84.59,87.45,89.73,84.74,83.43,80.94,79.92,81.22,83.88,86.35,91.04,89.21,84.8,81.24,80.65,82.81,80.72,76.41,77.32,78.22,82.81,88.21,89.81,87.85,86.7,85.95,87.16,84.26,82.84,84.92,85.48,88.94,87.55,85.45,85.61,88.26,86.87,86.68,86.36,85.07,81.95,80.25,78.05,76.61,76.29,79.89,78.69,81.32,78.12,78.04,78.21,76.51,77.78,76.83,74.75,72.85,73.17,77.34,81.66,81.19,82.9,88.8,91.32,91.06,86.77,89.12,88.35,89.92,98.52,95.08,94.77,97.69,101.81,99.47,103.31,103.34,101.9,99.44,97.53,99.39,94.08,93.26,104.83,111.64,95.35,94.81,112.98,95.35,78.68,75.31,79.9,81.44,90.25,97.96,96.6,94.79,97.62,103.02,101.47,98.81,97.23,89.29,94.76,101.81,101.28,95.14,90.76,92.43,91.12,99.07,102.84,90.9,86.49,81.71,92.59,91.19,100.74,102.55,115.64,112.33,106.22,105.2,103.3,110.66,108.48,100.67,99.15,105.11,112.09,118.31,113.9,114.81,123.05,126.83,138.17,129.26,111.67,110.22,114.93,111.59,117.53,134.08,137.03,134.08,141.43,146.63,116.16,110.58,107.51,106.59,108.94,111.71,125.26,129.76,143.74,137.45,142.56,133.13,134.61,122.91,127.39,127.2,131.96,132.11,137.95,148.91,158.21,164.34,166.91,156.56,160.59,140.11,109.63,93.38,98.29,106.24,106.85,108.54,114.57,124.87,117.91,120.63,118.62,114.1,115.9,109.84,116.13,111.25,116.21,117.59,119.51,112.04,115.34,118.06,116.61,117.53,114.26,119.81,128.6,127.35,137.01,142.78,149.59,139.97,138.28,136.72,135.91,134.85,128.36,125.44,126.51,128.78,136.35,142.47,137.31,138.25,136.08,138.4,142.59,140.33,127.32,122.05,114.44,131.47,134.78,132.6,141.65,151.29,141.07,136.69,134.93,132.31,128.2,127.55,126.06,131.28,140.2,143.84,143.37,146.51,140.94,139.31,136.77,135.52,120.55,108.43,90.73,102.05,108.03,110.38,115.59,127.54,125.52,129.77,115.87,120.04,114.11,98.58,91.76,84.12,96.52,102.98,108.68,119.64,105.22,109.11,104.86,107.67,98.79,106.94,119.61,105.21,104.81,121.29,111.6,108.01,107.18,110.95,114.04,113.31,126.01,117.95,123.45,121.53,126.6,137.36,142.08,139.13,143.19,141.13,141.45,131.8,117.76,105.34,103.28,110.33,122.42,131.62,129.31,111.07,115.79,109.17,109.14,107.01,104.27,105.06,107.82,104.9,84.66,71.13,93.63,101.29,103.81,103.84,111.48,110.73,109.49,107.43,107.99,116.66,122.69,128.54,131.92,134.64,139.43,138.24,135.52,142.56,143.08,140.27,138.9
Vancouver,https://cdn.britannica.com/77/6877-050-889A3BA7/Flag-British-Columbia.jpg, BC,109.42,110.78,110.36,112.61,112.03,111.6,111.92,111.96,113.34,118.94,127.31,120.17,119.76,109.81,97.37,96.66,102.01,95.91,97.72,102.5,103.8,102.17,102.67,90.86,98.54,90.54,87.84,90.87,90.82,91.3,98.58,95.17,92.81,92.88,94.66,95.99,95.42,93.88,91.49,92.75,91.62,92.98,94.24,94.19,95.77,95.55,91.21,89.86,85.9,88.65,90.36,89.33,95.59,97.19,97.53,100.02,98.21,98.32,97.81,95.78,94.72,91.61,97.08,98.52,99.51,99.51,99.4,99.51,97.74,96.91,96.64,95.81,89.74,92.28,93.18,98.72,105.87,106.2,98.66,98.22,100.24,97.79,93.4,90.6,93.9,97.35,96.92,94.82,99.02,94.23,86.87,97.13,98.9,97.78,93.05,88.45,86.04,83.65,81.25,83.1,87.32,84.99,84.67,76.92,71.65,79.53,75.24,74.6,72.37,71.42,73.96,87.26,86.54,88.11,92.48,88.17,96.77,91.22,88.48,84.79,93.31,87.61,102.82,100.63,102.93,106.1,113.69,110.61,113.79,115.29,111.38,107.7,104.46,106.16,99.78,105.18,108.68,113.87,99.51,99.71,109.28,105.9,93.19,86.79,85.85,84.84,96.89,104.26,107.15,107.23,107.06,107.07,108.84,110.61,109.13,101.77,105.43,112.43,124.06,112.66,103.46,105.54,104.34,119.2,114.72,99.82,103.3,101.26,102.43,111.0,113.81,121.6,133.04,130.13,122.62,125.8,122.34,123.96,117.99,111.27,113.2,121.07,126.22,138.85,132.95,132.17,135.74,142.98,151.62,140.98,128.15,122.5,125.23,119.51,130.27,147.84,157.04,151.04,154.77,152.23,132.47,128.47,130.0,134.43,132.88,131.6,142.42,152.49,163.34,145.05,143.61,137.85,138.53,132.55,139.08,136.77,137.14,142.21,150.35,157.53,169.07,181.46,185.09,177.39,173.96,152.18,123.14,107.84,117.76,121.31,126.15,128.14,132.69,140.87,137.8,139.21,142.52,131.99,135.85,133.45,138.91,137.91,143.31,144.82,145.57,143.56,147.57,148.2,144.83,144.33,144.59,146.81,149.02,151.37,159.77,166.65,169.38,165.44,162.61,161.59,165.53,167.15,160.75,152.7,154.33,155.42,168.96,170.44,173.16,170.7,166.14,164.62,161.36,162.75,150.59,145.94,150.35,163.13,167.29,163.09,173.58,170.78,174.53,171.78,166.06,156.83,151.97,147.82,152.64,154.26,166.06,171.58,173.65,176.95,169.75,166.71,164.48,152.3,148.37,130.96,119.84,136.06,143.97,143.15,153.43,155.24,155.33,149.71,135.6,133.56,142.72,140.55,126.5,121.21,128.81,130.66,136.27,137.77,140.71,135.62,142.08,144.8,130.33,135.9,143.24,140.88,150.42,155.44,150.3,145.92,147.6,153.86,153.17,152.38,156.32,151.67,156.05,158.78,166.23,170.17,175.3,168.91,169.67,163.55,165.41,168.5,154.29,150.26,143.2,145.38,161.22,179.76,181.05,159.1,161.83,158.3,164.19,168.62,149.64,144.85,148.46,154.6,129.77,103.9,121.33,135.48,140.05,138.46,133.8,129.59,130.5,132.94,141.39,148.01,156.47,158.28,161.24,166.47,173.87,169.32,159.55,164.43,161.13,158.07,170.5
Victoria,https://cdn.britannica.com/77/6877-050-889A3BA7/Flag-British-Columbia.jpg, BC,104.48,107.01,106.6,108.85,109.42,109.0,109.14,109.55,113.34,116.38,122.93,123.09,123.13,117.09,104.98,99.85,99.36,98.89,95.44,96.38,99.59,99.71,99.35,97.19,95.56,93.69,88.36,87.56,90.65,86.62,94.94,92.92,83.83,88.9,91.21,91.34,92.5,90.29,87.56,85.92,86.33,88.2,82.14,85.69,89.66,85.39,85.46,83.26,82.51,79.43,81.13,87.62,90.46,87.62,93.11,89.49,87.86,94.93,94.43,89.04,83.45,84.91,85.38,92.35,93.87,92.7,93.93,93.87,93.76,93.76,93.65,93.65,91.06,90.79,89.89,96.42,101.45,100.96,98.17,91.68,97.3,96.97,94.05,88.98,91.31,96.86,96.27,95.14,95.14,93.91,91.06,95.04,100.51,100.51,95.15,91.02,85.08,83.65,77.25,84.06,87.64,84.35,83.55,84.9,85.72,85.26,85.57,83.03,79.2,79.2,80.61,92.62,94.09,94.41,98.44,98.02,101.13,101.02,98.74,97.65,100.13,100.27,109.58,108.97,107.7,110.23,116.59,116.87,120.48,121.34,120.11,114.91,111.98,111.12,109.54,108.9,113.27,122.01,109.02,106.68,121.27,114.51,101.27,92.31,94.16,94.62,102.34,110.56,110.67,111.32,113.16,112.71,112.31,111.47,110.71,107.37,109.42,118.09,127.31,118.92,114.02,113.8,113.57,122.17,120.1,110.02,108.67,104.77,108.33,112.26,119.29,123.7,135.12,134.86,130.55,130.67,130.55,130.05,127.09,119.12,114.58,121.62,127.32,138.85,137.48,133.26,138.33,146.38,156.19,147.59,133.82,124.52,126.7,125.83,131.75,150.24,157.71,155.85,153.71,157.15,134.34,132.21,129.73,133.9,136.58,129.1,140.07,152.76,160.34,147.14,145.7,139.81,140.48,132.55,135.7,138.97,139.61,141.56,149.83,157.79,170.86,181.97,190.02,179.28,174.34,156.37,126.07,107.96,117.51,122.97,123.21,126.22,133.96,136.17,134.1,134.5,137.44,128.31,133.07,131.18,130.6,128.85,132.84,133.73,138.14,139.29,139.95,140.07,139.83,136.39,139.51,139.17,141.15,143.98,153.04,158.61,159.78,157.27,151.29,149.22,154.65,151.12,144.5,135.81,139.94,137.3,154.09,156.22,158.05,156.4,148.95,151.09,149.05,150.23,136.27,135.79,137.23,146.41,147.01,150.23,157.61,160.67,163.85,161.11,157.89,148.9,140.97,137.92,139.0,140.31,150.03,158.87,162.12,161.27,158.13,152.32,151.03,139.22,131.56,125.96,115.19,119.81,139.23,137.01,143.74,145.7,146.96,142.95,130.9,124.51,133.11,130.26,118.5,112.28,120.83,120.64,128.1,130.18,129.15,127.57,133.82,134.87,135.87,128.68,138.87,131.12,141.32,144.24,140.99,139.64,136.4,142.68,144.14,141.69,148.36,141.5,142.73,148.23,157.23,161.5,168.72,164.31,163.46,157.23,155.39,161.01,149.83,143.75,141.14,137.05,148.29,169.23,172.8,157.06,151.9,145.38,151.69,160.62,147.94,140.5,148.25,151.74,135.01,106.8,115.85,131.22,138.35,136.22,132.84,128.85,126.59,126.83,134.46,144.23,154.9,154.23,159.9,160.37,171.92,166.76,159.14,162.91,159.51,153.44,164.6
Whitehorse,https://cdn.britannica.com/63/5263-004-1C2B7CDE/Flag-Yukon-Territory.jpg, YT,108.28,108.33,108.29,109.04,108.29,107.88,107.47,107.33,109.27,118.03,120.75,121.99,125.09,121.18,112.95,108.52,106.59,105.72,105.6,105.12,105.37,105.5,105.12,105.45,105.02,104.9,105.09,104.27,104.02,101.7,101.7,100.19,98.69,97.19,97.08,97.19,97.99,97.65,97.65,97.53,97.42,97.42,100.2,100.65,100.53,100.3,100.18,97.98,93.69,97.19,97.19,97.19,93.88,97.19,96.85,99.34,103.3,103.42,103.06,102.7,100.44,100.99,104.1,103.52,103.17,107.82,107.7,107.82,107.7,107.7,107.58,107.58,108.12,104.35,101.91,106.61,111.28,111.28,111.28,111.16,111.03,113.92,113.54,112.8,107.49,106.89,108.39,110.32,110.32,110.2,110.08,109.84,109.84,109.84,109.96,109.84,109.24,108.6,108.6,106.79,104.12,106.88,107.52,106.76,106.68,105.78,105.78,104.5,104.12,96.66,96.13,100.34,103.69,106.21,106.29,109.12,109.39,111.92,111.65,111.29,114.39,114.64,116.04,121.78,120.93,123.68,127.11,128.0,128.99,132.23,131.7,131.43,127.79,124.35,122.59,119.48,121.27,129.41,129.07,118.4,124.97,121.79,111.74,109.76,106.19,103.65,107.95,115.39,120.63,124.05,123.18,122.69,122.57,121.97,121.61,121.73,121.23,128.71,124.06,121.49,110.45,117.36,120.54,122.31,127.03,112.57,110.79,106.04,109.31,122.1,125.05,127.49,136.24,140.83,135.27,133.31,133.88,137.53,137.57,130.14,124.35,128.64,133.63,143.51,141.86,137.36,145.02,150.72,162.11,162.14,148.94,144.49,140.35,141.4,134.7,152.38,151.3,151.71,155.17,157.69,150.11,135.15,126.41,127.27,130.89,125.15,130.11,141.78,147.01,154.99,155.12,155.13,154.44,151.17,148.82,148.93,148.68,148.29,150.87,156.37,173.54,179.3,182.31,176.89,175.22,165.77,133.97,116.41,109.18,115.56,126.27,126.22,126.05,134.01,135.5,131.07,128.15,128.82,126.0,125.88,139.28,141.05,141.79,141.79,141.67,141.3,140.58,141.2,140.96,140.12,139.76,139.17,145.82,147.67,155.0,161.05,166.22,167.14,161.51,157.95,155.61,155.1,154.13,151.85,150.98,151.1,157.69,162.55,163.69,163.49,163.49,162.82,162.55,162.15,160.5,156.45,154.89,151.98,152.82,152.37,158.92,175.77,166.7,166.21,165.58,165.72,155.28,151.83,151.34,154.61,157.99,156.07,163.29,163.13,163.71,156.85,155.67,153.69,149.18,138.04,118.1,113.08,121.78,126.71,129.55,135.24,136.3,143.18,137.55,137.22,130.82,115.74,112.22,103.92,108.05,113.69,121.74,137.77,133.0,131.31,131.11,130.8,128.52,126.21,133.38,134.37,134.58,133.83,131.68,127.53,124.65,123.69,131.43,125.89,140.5,137.63,133.7,133.39,133.29,143.62,156.11,158.62,157.91,157.67,156.92,157.1,152.66,135.5,135.5,135.1,139.88,148.17,147.52,147.63,152.11,152.64,152.65,152.31,152.2,151.43,151.64,151.0,134.16,108.42,110.59,122.8,127.79,127.7,127.31,127.05,126.59,126.41,130.36,133.23,138.9,145.39,146.74,149.73,153.1,158.07,158.63,157.85,157.19,156.76,157.2
Yellowknife,https://cdn.britannica.com/68/14868-004-7FFF552D/Flag-Northwest-Territories.jpg, NT,111.89,111.73,112.05,112.8,112.97,112.54,114.33,114.37,116.67,128.66,132.59,135.49,136.11,134.33,128.88,116.31,113.28,112.39,108.92,108.97,107.83,108.31,109.67,111.25,112.04,111.9,111.37,111.23,110.97,110.7,112.09,111.96,111.82,111.86,111.73,112.16,111.89,111.5,111.5,111.37,111.24,111.24,111.11,110.85,110.72,110.46,110.33,110.33,109.61,110.51,110.51,110.51,110.64,110.51,113.19,112.93,112.79,113.61,113.21,112.65,112.39,111.87,113.62,113.36,115.8,119.28,119.81,119.28,119.15,119.15,119.01,119.01,118.88,118.74,118.21,117.94,121.44,121.44,120.79,120.65,120.52,120.76,120.2,119.93,119.8,119.5,119.37,119.37,119.69,119.56,119.43,119.17,119.17,118.2,118.33,118.36,117.71,115.79,115.15,115.12,114.99,114.87,114.87,114.74,114.99,114.36,114.36,114.36,111.42,110.94,110.7,110.1,109.98,116.28,116.03,115.53,121.39,121.26,121.13,120.75,120.75,121.91,128.95,132.58,132.16,133.16,134.57,131.66,132.94,132.99,132.3,132.03,132.0,131.57,131.3,130.36,131.19,138.3,132.78,132.64,138.3,132.18,125.06,122.29,121.79,121.42,122.55,130.91,130.6,130.63,129.87,131.09,132.55,131.89,131.5,131.63,130.48,134.09,139.9,138.86,131.29,128.04,127.79,127.42,129.72,127.29,127.05,126.43,126.31,126.31,128.98,130.15,134.15,145.7,141.53,139.02,138.89,138.36,136.33,132.07,132.07,133.18,132.94,137.62,140.9,140.51,141.2,146.65,160.9,157.29,148.54,143.68,140.62,139.93,140.33,152.51,154.77,154.91,159.18,163.81,141.02,136.62,135.72,135.62,132.88,133.84,149.24,154.59,165.69,167.95,166.23,161.67,161.22,154.68,152.06,150.49,149.85,151.13,161.98,169.75,180.43,185.64,189.38,185.72,188.72,170.85,147.48,126.64,125.07,129.61,131.39,133.91,136.51,150.78,151.95,149.39,149.26,148.87,147.85,147.72,147.08,146.96,147.34,147.34,147.21,146.83,146.07,146.2,145.95,145.08,144.96,144.1,143.85,144.59,156.83,161.66,168.65,169.21,168.93,168.51,167.95,167.39,167.25,167.53,166.57,166.7,166.09,166.02,166.57,166.98,166.98,166.29,166.02,165.61,165.75,165.88,165.75,164.67,164.8,165.48,165.48,165.07,164.8,164.67,164.4,164.53,164.27,163.74,163.34,162.81,162.55,161.9,161.77,161.39,161.39,161.26,161.0,160.74,159.73,142.57,124.62,127.94,131.6,131.92,137.74,148.11,153.5,153.84,141.46,145.7,137.0,128.55,122.62,110.45,119.12,123.49,128.78,139.24,135.38,133.92,131.79,133.4,129.08,128.68,136.29,132.58,131.32,132.93,131.12,130.0,128.12,128.38,128.2,127.45,136.52,135.31,135.57,135.04,134.94,141.42,150.41,155.11,157.36,158.43,159.42,158.51,152.66,139.73,129.86,130.12,135.35,144.52,152.88,148.49,143.56,140.57,142.71,142.18,140.69,139.76,137.64,135.21,120.15,101.75,103.83,116.62,122.57,124.08,124.55,127.16,125.53,125.35,127.53,130.29,136.39,141.12,146.01,147.87,151.77,153.16,152.62,152.48,154.07,152.34,151.5
